Song Name,Artist Name,Album Name,Release Date,Popularity Score,Length (ms),Grammy_won
Graceland,Paul Simon,Graceland (25th Anniversary Deluxe Edition),1986-08-12,60.0,291200.0,1
Where The Streets Have No Name - Remastered,U2,The Joshua Tree (Super Deluxe),1987-03-03,66.0,337505.0,1
Somewhere out There's Jupiter and Mars,The Nannas and The Poppas,And Here We Go!,2021-08-09,1.0,121910.0,1
Jody Watley,nan,,,,,1
I Wanna Dance with Somebody (Who Loves Me),Whitney Houston,Whitney,1987-06-02,79.0,291293.0,1
"Bring On The Night / When The World Is Running Down You Make The Best Of What's (Still Around) - Live In Paris, 1985",Sting,Bring On The Night (Live),1986,33.0,701333.0,1
(I've Had) The Time Of My Life,Jennifer Warnes,,,,,1
Minute By Minute,Larry Carlton,Discovery,1986,33.0,297266.0,1
Yusef Lateef's Little Symphony,Yusef Lateef,,,,,1
Tunnel of Love,Bruce Springsteen,Tunnel Of Love,1987-10-09,47.0,309760.0,1
Where The Streets Have No Name - Remastered,U2,The Joshua Tree (Super Deluxe),1987-03-03,66.0,337505.0,1
Jazz From Hell,Frank Zappa,Jazz From Hell,1986-11-15,16.0,180426.0,1
Rolling In the Deep (The Aretha Version),Aretha Franklin,Aretha Franklin Sings The Great Diva Classics,2014-10-17,45.0,240306.0,1
Just To See Her,Smokey Robinson,One Heartbeat,1987-01-01,52.0,244026.0,1
I Knew You Were Waiting (For Me),Aretha Franklin,ARETHA,2021-07-30,60.0,240120.0,1
Chicago Song,David Sanborn,A Change of Heart,1987-01-15,29.0,388516.0,1
Lean on Me,Nancy Veldman,Redemption Road,2014-11-04,0.0,312906.0,1
Still Life (Talking),Pat Metheny Group,,,,,1
Diane Schuur & The Count Basie Orchestra,Diane Schuur,,,,,1
What Is This Thing Called Love,Bobby McFerrin,,,,,1
The Other Side Of Round Midnight,nan,,,,,1
Marsalis Standard Time - Volume I,Wynton Marsalis,,,,,1
Digital Duke,Mercer Ellington,,,,,1
80's Ladies,K.T. Oslin,,,,,1
Karaoke - I Won't Need You Anymore (Always And Forever),Karaoke - Randy Travis,Karaoke - Contemporary Male Country - Vol.12,2005-03-01,0.0,193886.0,1
Trio,Dolly Parton,,,,,1
"Make No Mistake, She's Mine",Ronnie Milsap,Heart And Soul,1987-06-01,35.0,237266.0,1
String of Pars,Asleep At The Wheel,10,1987-05-12,2.0,187693.0,1
"Forever And Ever, Amen",nan,,,,,1
I Believe In You,Deniece Williams,Water Under The Bridge,1987-03-19,1.0,268666.0,1
The Father Hath Provided,Larnelle Harris,,,,,1
Crack The Sky,Mylon LeFevre,Crack The Sky,1987-05-26,20.0,238093.0,1
For Always,Bebe & Cece Winans,Bebe & Cece Winans,1987-01-01,20.0,244200.0,1
Everything's Gonna Be Alright,Al Green,Testify: The Best Of The A&M Years,2001-01-01,25.0,261333.0,1
Ain't No Need To Worry,Anita Baker,,,,,1
Un Hombre Solo,Julio Iglesias,,,,,1
La Verdad - The Truth,Eddie Palmieri,,,,,1
Gracias! America Sin Fronteras,Los Tigres Del Norte,,,,,1
Houseparty New Orleans Style,Professor Longhair,,,,,1
Strong Persuader,nan,,,,,1
Shaka Zulu,Ladysmith Black Mambazo,,,,,1
Unfinished Business,Steve Goodman,,,,,1
All My Polka Friends,Jimmy Sturr and his Orchestra,Please Have Them Play a Polka Just for Me,1986-04-13,0.0,97130.0,1
No Nuclear War - 2002 Remaster,Peter Tosh,No Nuclear War,1987-09-21,17.0,481320.0,1
The Elephant's Child,Bobby McFerrin,,,,,1
A Night At The Met,Robin Williams,,,,,1
The Lake Wobegon Hymn,Garrison Keillor,Lake Wobegon Loyalty Days,1992-09-12,4.0,331733.0,1
Les Miserables,nan,,,,,1
Call Sheet Blues,nan,,,,,1
The Untouchables,nan,,,,,1
"Somewhere Out There (From ""An American Tail"")",James Horner,James Horner - The Classics,2018-08-10,22.0,253493.0,1
The Prince's Trust All-Star Rock Concert,nan,,,,,1
Land of Confusion - 2007 Remaster,Genesis,Invisible Touch,1986-06-09,51.0,285666.0,1
"Take The \""A\"" Train",nan,,,,,1
Deedles' Blues,nan,,,,,1
King's Record Shop,nan,,,,,1
Thelonious Monk - The Complete Riverside Recordings,nan,,,,,1
Thelonious Monk - The Complete Riverside Recordings,nan,,,,,1
Badna Nwalee El Jaw,Nancy Ajram,Badna Nwalee El Jaw,2018-09-07,51.0,213322.0,1
Narada Michael Walden,nan,,,,,1
Horowitz In Moscow,nan,,,,,1
Beethoven: Symphony No. 9 In D Minor,nan,,,,,1
R. Strauss: Ariadne Auf Naxos,nan,,,,,1
Hindemith: When Lilacs Last In The Dooryard Bloom'd,nan,,,,,1
Mozart: Violin Concertos Nos. 2 And 4,nan,,,,,1
Horowitz In Moscow,nan,,,,,1
Beethoven: The Complete Piano Trios,nan,,,,,1
Kathleen Battle - Salzburg Recital,nan,,,,,1
Penderecki: Cello Concerto No. 2,nan,,,,,1
Faure: Requiem/Durufle: Requiem,nan,,,,,1
Robert Woods,nan,,,,,1
Luka (Single),Suzanne Vega,,,,,0
La Bamba,Los Lobos,La Bamba / Charlena,1987-06-20,65.0,174186.0,0
I Still Haven't Found What I'm Looking For,U2,U218 Singles,2006-01-01,33.0,277333.0,0
Back In The High Life Again (Single),Steve Winwood,,,,,0
Whitney (Album),Whitney Houston,,,,,0
Trio (Album),Dolly Parton,,,,,0
Sign 'O' The Times (Album),Prince,,,,,0
Bad (Album),Michael Jackson,,,,,0
Luka (Single),nan,,,,,0
La Bamba (Adapted By Ritchie Valens),nan,,,,,0
I Still Haven't Found What I'm Looking For (Single),nan,,,,,0
Didn't We Almost Have It All (Single),nan,,,,,0
Terence Trent D'Arby,nan,,,,,0
Cutting Crew,nan,,,,,0
Breakfast Club,nan,,,,,0
Swing Out Sister,nan,,,,,0
One Voice (Album),Barbra Streisand,,,,,0
Luka (Single),Suzanne Vega,,,,,0
Heaven Is A Place On Earth (Single),Belinda Carlisle,,,,,0
Summer's Coming Around Again,Carly Simon,The Studio Album Collection 1971-1983,2014-06-17,1.0,252706.0,0
Moonlighting (Theme) (Single),Al Jarreau,,,,,0
Candle In The Wind (Single),Elton John,,,,,0
Brilliant Disguise (Single),Bruce Springsteen,,,,,0
Bad (Album),Michael Jackson,,,,,0
Somewhere Out There (Single),Linda Ronstadt,,,,,0
La Bamba (Single),Los Lobos,,,,,0
Breakout (Single),Swing Out Sister,,,,,0
Alone (Single),Heart,,,,,0
Light Years (Track),Chick Corea Elektric Band,,,,,0
Keep Your Eye On Me (Album),Herb Alpert,,,,,0
It Might Be You (Track),Dave Grusin,,,,,0
Dragnet (Track),nan,,,,,0
Traveler (Album),Paul Horn,,,,,0
The Field (Track),Kitaro,,,,,0
Sweet Intentions (Track),Montreux,,,,,0
Reconciliation (Track),Liz Story,,,,,0
Between Two Worlds (Album),Patrick O'Hearn,,,,,0
Unchain My Heart (Single),Joe Cocker,,,,,0
Shakedown (Single),Bob Seger,,,,,0
Don't Mean Nothing (Single),Richard Marx,,,,,0
Better Be Good To Me (Track),Tina Turner,,,,,0
Keep Your Hands To Yourself (Single),Georgia Satellites,,,,,0
By The Light Of The Moon (Album),Los Lobos,,,,,0
Big Generator,Yes,The Studio Albums 1969-1987,1997,3.0,273173.0,0
Bad Animals (Album),Heart,,,,,0
Wipe Out (Track),Dweezil Zappa,,,,,0
Say What! (Track),Stevie Ray Vaughan,,,,,0
Pipeline,Stevie Ray Vaughan,"Solos, Sessions & Encores",1983,43.0,179826.0,0
"Paradise By The \""C\"" (Track)",Bruce Springsteen,,,,,0
Looking For A New Love (Single),Jody Watley,,,,,0
Forbidden Lover (Album),Nancy Wilson,,,,,0
For The Love Of You (Track),Whitney Houston,,,,,0
This Will Be (An Everlasting Love),Natalie Cole,The Best 70s Album In The World...Ever!,2023-02-09,0.0,170106.0,0
Skeletons (Single),Stevie Wonder,,,,,0
Lies - Single Edit,Jonathan Butler,Jonathan Butler,1987,1.0,228440.0,0
In The Midnight Hour (Track),Wilson Pickett,,,,,0
Bad (Single),Michael Jackson,,,,,0
U Got The Look (Single),Prince,,,,,0
Rock Steady (Single),nan,,,,,0
Lean On Me (Single),Club Nouveau,,,,,0
Casanova (Single),LeVert,,,,,0
Najee's Theme (Album),Najee,,,,,0
Going Home (Track),Jonathan Butler,,,,,0
Diamonds (Single),Herb Alpert,,,,,0
Boogie On Reggae Woman (Track),Stanley Turrentine,,,,,0
U Got The Look (Single),nan,,,,,0
Skeletons (Single),nan,,,,,0
Just To See Her (Single),nan,,,,,0
Casanova Street,Jaime Nanci,Toy,2014-09-27,0.0,232918.0,0
Four Corners (Album),Yellowjackets,,,,,0
Discovery (Album),Larry Carlton,,,,,0
Collaboration (Album),George Benson,,,,,0
A Change Of Heart (Album),David Sanborn,,,,,0
Easy Living (Album),Ella Fitzgerald,,,,,0
Brazilian Romance (Album),Sarah Vaughan,,,,,0
At Home (Album),Janis Siegel,,,,,0
Any Old Time (Album),Carmen McRae,,,,,0
This Guy's In Love With You (Album),Arthur Prysock,,,,,0
Every Night (Album),Joe Williams,,,,,0
Can't Take You Nowhere (Album),Dave Frishberg,,,,,0
Billy Eckstine Sings With Benny Carter (Album),Billy Eckstine,,,,,0
To Bird With Love (Album),nan,,,,,0
Marsalis Standard Time-Volume I (Album),nan,,,,,0
Cottontail (Track),nan,,,,,0
Michael Brecker (Album),Michael Brecker,,,,,0
"Trio Music, Live In Europe (Album)",Chick Corea,,,,,0
To Bird With Love (Album),Eddie Daniels,,,,,0
Last Nite (Album),Larry Carlton,,,,,0
Woody's Gold Star (Album),Woody Herman,,,,,0
"The Tonight Show Band With Doc Severinsen, Volume II (Album)",Doc Severinsen,,,,,0
Louis Bellson And His Jazz Orchestra (Album),Louis Bellson,,,,,0
10th Avenue (Album),Patrick Williams,,,,,0
The Last One To Know (Single),Reba McEntire,,,,,0
Love Me Like You Used To (Single),Tanya Tucker,,,,,0
King's Record Shop (Album),Rosanne Cash,,,,,0
Angel Band,Emmylou Harris,The 80's Studio Album Collection,2014-11-04,1.0,183093.0,0
Hillbilly Deluxe (Album),Dwight Yoakam,,,,,0
Exit O (Album),Steve Earle,,,,,0
Born To Boogie (Album),Hank Williams Jr.,,,,,0
All My Ex's Live In Texas (Single),George Strait,,,,,0
The Desert Rose Band (Album),nan,,,,,0
I'll Still Be Loving You (Track),Restless Heart,,,,,0
Heartland (Album),nan,,,,,0
Can't Stop My Heart From Loving You (Single),nan,,,,,0
You Are (Track),Glen Campbell,,,,,0
The Hand That Rocks The Cradle (Single),Steve Wariner,,,,,0
Another World (Single),Crystal Gayle,,,,,0
A Face In The Crowd (Single),Holly Dunn,,,,,0
Together At Last,Stephane Grappelli,,,,,0
The Old Brown Country Barn (Track),Bill Monroe,,,,,0
Gagged But Not Bound (Album),Albert Lee,,,,,0
Changing Channels (Album),Jerry Douglas,,,,,0
Tellin' Me Lies (Single),nan,,,,,0
I'll Still Be Loving You (Single),nan,,,,,0
All My Ex's Live In Texas (Single),nan,,,,,0
80's Ladies,nan,,,,,0
Turnaround (Album),Terri Gibbs,,,,,0
The Name Above All Names (Track),Debby Boone,,,,,0
Images (Album),Kathy Troccoli,,,,,0
Count It All Joy (Album),Debbie McClendon,,,,,0
Watercolour Ponies - Signatures Album Version,Wayne Watson,Signatures,2004-01-01,0.0,272720.0,0
Joy To The World (Album),Steve Green,,,,,0
I'm Brand New - Brand New Album Version,Leon Patillo,Brand New,2003-01-01,2.0,281933.0,0
Against The Wind (Album),Dallas Holm,,,,,0
Welcome Back Home (Album),nan,,,,,0
To Hell With The Devil (Album),Stryper,,,,,0
This Means War! - This Means War Album Version,Petra,This Means War!: 25th Anniversary Edition,1987,30.0,210813.0,0
Healing Waters (Track),Mr. Mister,,,,,0
You Gave Me Love (Track),Della Reese,,,,,0
The Lord Will Make A Way (Track),Shirley Caesar,,,,,0
Be Encouraged (Album),Vickie Winans,,,,,0
Baby Sis (Album),Lynette Hawkins Stephens,,,,,0
Wintley Phipps (Album),Wintley Phipps,,,,,0
The Winning Side (Album),Jessy Dixon,,,,,0
Call Me (Track),BeBe Winans,,,,,0
All To You (Album),Keith Pringle,,,,,0
Heart And Soul (Album),nan,,,,,0
Give Us Peace (Album),Edwin Hawkins,,,,,0
Decisions (Album),nan,,,,,0
BeBe And CeCe Winans (Album),CeCe Winans,,,,,0
Solo (Album),Emmanuel,,,,,0
Siempre Contigo (Album),Jose Jose,,,,,0
Otra Mentira Mas (Single),Maria Conchita Alonso,,,,,0
Lunna (Album),Lunna,,,,,0
"Luis Miguel '87, Soy Como Quiero Ser (Album)",Luis Miguel,,,,,0
Laberinto De Amor (Album),Yolandita Monge,,,,,0
En Bancarrota (Track),Braulio,,,,,0
Amar O Morir (Album),Danny Rivera,,,,,0
The Winners (Album),Celia Cruz,,,,,0
Strikes Back (Album),Hector Lavoe,,,,,0
Caribbean Express (Album),nan,,,,,0
Aqui Se Puede (Album),Ray Barretto,,,,,0
Agua De Luna (Moon Water) (Album),Rubén Blades,,,,,0
Timeless (Album),Little Joe,,,,,0
El Rey Del Barrio (Album),Chavela Y Su Groupo Express,,,,,0
Celebracion (Album),Los Diablos,,,,,0
15 Exitos Con Tambora Vol. 2 (Album),Antonio Aguilar,,,,,0
Take Me Back (Album),James Cotton,,,,,0
Old Maid Boogie (Track),"Eddie ""Cleanhead"" Vinson",,,,,0
Live From Chicago- An Audience With The Queen (Album),Koko Taylor,,,,,0
Cold Snap (Album),Albert Collins,,,,,0
Standing On The Edge Of Love (Track),B.B. King,,,,,0
On A Night Like This,Buckwheat Zydeco,On A Night Like This,1987-01-01,32.0,152906.0,0
Glazed (Album),Earl King,,,,,0
After All (Album),Bobby Bland,,,,,0
Zulu Men's Singing Competition (Album),nan,,,,,0
Mbube Roots - Zulu Choral Music From South Africa (Album),nan,,,,,0
Celtic Wedding (Album),nan,,,,,0
Belizaire The Cajun (Original Soundtrack) (Album),Michael Doucet,,,,,0
The Washington Squares (Album),nan,,,,,0
More Love Songs (Album),Loudon Wainwright III,,,,,0
Asimbonanga (Track),Joan Baez,,,,,0
Annual Waltz (Album),John Hartford,,,,,0
Polka Mania (Album),nan,,,,,0
Let's Celebrate Again (Album),nan,,,,,0
It's Pokamatic (Album),Walt Groller,,,,,0
In Polka Unity (Album),Lenny Gomulka,,,,,0
UB40 CCCP (Live In Moscow) (Album),UB40,,,,,0
People Of The World (Album),Burning Spear,,,,,0
Hold On To Love (Album),Third World,,,,,0
The Emperor And The Nightingale (Album),Glenn Close,,,,,0
Lullaby For Teddy (Single),Barbara Fairchild,,,,,0
Everything Grows (Album),Raffi,,,,,0
Bullfrogs And Butterflies (Part III) (Album),nan,,,,,0
Would Jesus Wear A Rolex? (Single),Ray Stevens,,,,,0
The World According To Me! (Album),Jackie Mason,,,,,0
The Best Of Bob And Ray - Volume One (Album),nan,,,,,0
Polka Party,"""Weird Al"" Yankovic",Polka Party,1986-10-21,26.0,195853.0,0
Whales Alive (Album),Leonard Nimoy,,,,,0
Star Trek IV: The Voyage Home,Leonard Nimoy,,,,,0
Lincoln Portrait (Track),nan,,,,,0
Lauren Bacall By Myself,Lauren Bacall,,,,,0
South Pacific (Album),nan,,,,,0
The Phantom Of The Opera (Album),nan,,,,,0
My Fair Lady (Album),nan,,,,,0
Me And My Girl (Original Broadway Cast) (Album),nan,,,,,0
The Blues In Three (Track),nan,,,,,0
Minuano (Six Eight) (Track),nan,,,,,0
Jazz From Hell (Track),nan,,,,,0
Bolling: Suite No. 2 For Flute And Jazz Piano Trio (Album),nan,,,,,0
The Witches Of Eastwick,nan,,,,,0
The Princess Bride (Album),nan,,,,,0
The Glass Menagerie (Original Motion Picture Soundtrack Album) (Album),nan,,,,,0
An American Tail (Music From The Motion Picture Soundtrack) (Album),nan,,,,,0
Who's That Girl (From Who's That Girl?),Patrick Leonard,,,,,0
"Nothing's Gonna Stop Us Now (From Original Motion Picture Soundtrack \""Mannequin\"") (Single)",Albert Hammond,,,,,0
Moonlighting (Theme from Moonlighting),Lee Holdridge,,,,,0
(I've Had) The Time Of My Life (From Dirty Dancing),John DeNicola,,,,,0
Spontaneous Inventions (Video),Bobby McFerrin,,,,,0
One Voice (Video),Barbra Streisand,,,,,0
Horowitz In Moscow (Video),Vladimir Horowitz,,,,,0
Cyndi Lauper In Paris (Video),Cyndi Lauper,,,,,0
Kate Bush: The Whole Story (Video),Kate Bush,,,,,0
"Day In, Day Out (Video)",David Bowie,,,,,0
David Lee Roth (Video),David Lee Roth,,,,,0
Control - The Videos - Part II (Video),Janet Jackson,,,,,0
The Heart Is A Lonely Hunter (Track),nan,,,,,0
Main Title (Children Of A Lesser God) (Track),nan,,,,,0
Jive Samba (Track),nan,,,,,0
"Any Time, Any Season (Track)",nan,,,,,0
Over The Rainbow (Track),nan,,,,,0
It Might As Well Be Spring (Track),nan,,,,,0
I'm So Lonesome I Could Cry (Track),nan,,,,,0
A Singer Must Die (Track),nan,,,,,0
Shaka Zulu,Violet Nanyonjo,Shaka Zulu,2018-02-24,0.0,184031.0,0
Echelons (Album),nan,,,,,0
Duke Ellington: The Webster Blanton Band (Album),nan,,,,,0
Document (Album),nan,,,,,0
The Complete Sun Sessions (Album),nan,,,,,0
The Bristol Sessions (Album),nan,,,,,0
Singers And Soloists Of The Swing Bands (Album),nan,,,,,0
Jimmie Rodgers On Record: America's Blue Yodeler (Album),nan,,,,,0
The Otis Redding Story (Album),nan,,,,,0
The Gershwin Collection (Album),nan,,,,,0
The Bristol Sessions (Album),nan,,,,,0
Singers And Soloists Of The Swing Bands (Album),nan,,,,,0
Reflections (Single),nan,,,,,0
Neonati,Ea la nana,Canciones para Dormir 2,2022-02-11,18.0,135107.0,0
Heart And Soul (Album),nan,,,,,0
Cinemagic,nan,,,,,0
A Momentary Lapse Of Reason (Album),nan,,,,,0
"Michael Jackson, Quincy Jones (producers)",nan,,,,,0
"Don Gehman, John Cougar Mellencamp (producers)",nan,,,,,0
"Emilio And The Jerks (Lawrence Dermer, Joe Galdo, Rafael Vigil) (producers)",nan,,,,,0
"Brian Eno (), Daniel Lanois (producers)",nan,,,,,0
Hanson: Symphony No. 2/Barber: Violin Concerto (Album),nan,,,,,0
"Faure: Requiem, Op. 48/Durufle: Reqiem, Op. 9 (Album)",nan,,,,,0
Beethoven: Symphony No. 9 In D Minor (Choral) (Album),nan,,,,,0
Adams: The Chairman Dances,nan,,,,,0
Holst: The Planets (Album),nan,,,,,0
Hanson: Symphony No. 2 (Romantic) (Album),nan,,,,,0
Copland: Symphony No. 3/Quiet City (Album),nan,,,,,0
"Berg, Webern, Schoenberg: Orchestral Pieces (Album)",nan,,,,,0
Verdi: Macbeth (Album),nan,,,,,0
Mozart: The Marriage Of Figaro (Album),nan,,,,,0
Mozart: The Abduction From The Seraglio (Album),nan,,,,,0
Mozart: Don Giovanni (Album),nan,,,,,0
Tippett: A Child Of Our Time (Album),nan,,,,,0
Mahler: Symphony No. 8 In E Flat (Symphony Of A Thousand) (Album),nan,,,,,0
Janácek: Glagolitic Mass,nan,,,,,0
Copland: Old American Songs: Canticle Of Freedom; Four Motets (Album),nan,,,,,0
Bach: St. John Passion (Album),nan,,,,,0
"Mozart: Horn Concertos No. 1-4, Rondo, Fragment (Album)",nan,,,,,0
"Carnaval (Works By Arban, Clarke, Levy, Paganini, Rimsky-Korsakov, Bellstedt) (Album)",nan,,,,,0
Beethoven: Piano Concerto No 5 In E Flat (Emperor) (Album),nan,,,,,0
Barber: Violin Concerto Op. 14 (Track),nan,,,,,0
"Stravinsky: Wolpe: Lieberson (Stravinsky: Serenade In A And Sonata/Wolpe: Form IV: Broken Sequences, Pastorale, Passacaglia/Lieberson: Bagatelles) (Album)",nan,,,,,0
My Favorite Kreisler (Album),nan,,,,,0
"Beethoven: Piano Sonatas Nos. 17, Op. 31/18, Op. 31/26, Op. 81A (Album)",nan,,,,,0
"Bach: Well-Tempered Clavier, Book 2 (Album)",nan,,,,,0
"White Man Sleeps (Music By Volans, Ives, Hassell, Coleman, Johnston, Bartok) (Album)",nan,,,,,0
"Mozart: The Flute Quartets (K.285,285A,285B,298) (Album)",nan,,,,,0
Dvorák: Piano Trio In E Min./Mendelssohn: Piano Trio In D Min.,nan,,,,,0
Brahms: Piano Quartet No. 1 In G Minor (Album),nan,,,,,0
Villa-Lobos: Bachianas Brasileiras No. 5 For Soprano And Orchestra Of Violoncellos (Album),nan,,,,,0
Soiree Francaise (Album),nan,,,,,0
"R. Strauss: Lieder (Including \""Malven\"") (Album)",nan,,,,,0
Copland: Eight Poems Of Emily Dickinson (Album),nan,,,,,0
Tippett: The Mask Of Time (Album),nan,,,,,0
Sessions: Symphony No. 5 (Album),nan,,,,,0
Schwantner: A Sudden Rainbow (Album),nan,,,,,0
Babbitt: Piano Concerto,nan,,,,,0
Adams: The Chairman Dances (Album),nan,,,,,0
Tchaikovsky: 1812 Overture/Romeo And Juliet/The Nutcracker Suite (Album),nan,,,,,0
Horowitz In Moscow (Album),nan,,,,,0
Hindemith: When Lilacs Last In The Dooryard Bloom'D (A Requiem For Those We Love) (Album),nan,,,,,0
Beethoven: Symphony No. 9 In D Minor (Choral) (Album),nan,,,,,0
Michael Haas,nan,,,,,0
Thomas Frost,nan,,,,,0
Steven Epstein,nan,,,,,0
Jay David Saks,nan,,,,,0
Higher Love,Steve Winwood,Back In The High Life,1986-06-30,62.0,351506.0,1
Graceland,Paul Simon,Graceland (25th Anniversary Deluxe Edition),1986-08-12,60.0,291200.0,1
That's What Friends Are For,nan,,,,,1
Bruce Hornsby & The Range,nan,,,,,1
Send in the Clowns,Barbra Streisand,The Broadway Album,1985-01-01,39.0,281626.0,1
Higher Love,Steve Winwood,Back In The High Life,1986-06-30,62.0,351506.0,1
"That's What Friends Are For (with Elton John, Gladys Knight & Stevie Wonder)",Dionne Warwick,Greatest Hits 1979-1990,1989-10-31,53.0,256466.0,1
Top Gun Anthem,Harold Faltermeyer,Top Gun: Maverick (Music From The Motion Picture),2022-05-27,59.0,148933.0,1
Down to the Moon,Andreas Vollenweider,Down to the Moon,1986-03-10,41.0,147240.0,1
Back Where You Started,Tina Turner,Break Every Rule,1986-01-10,17.0,267600.0,1
Addicted To Love,Robert Palmer,Riptide,1985-01-01,64.0,363640.0,1
Missionary Man,nan,,,,,1
Peter Gunn,Duane Eddy,Especially for You,1959-05-01,45.0,150866.0,1
Caught Up In the Rapture,Anita Baker,Jazzy Soul,2017-09-18,46.0,250266.0,1
"Living in America - From ""Rocky IV"" Soundtrack",James Brown,Rocky IV,1985,52.0,282840.0,1
Kiss,Prince,Parade - Music from the Motion Picture Under the Cherry Moon,1986-03-31,70.0,226240.0,1
And You Know That,Yellowjackets,,,,,1
Sweet Dreams Will Come,Nanci Griffith,Little Love Affairs,1988-01-01,11.0,266866.0,1
Double Vision,David Sanborn,,,,,1
Timeless,Diane Schuur,,,,,1
'Round Midnight - Live,Bobby McFerrin,Play,1992-01-01,11.0,479960.0,1
Free Fall,2+2 Plus,,,,,1
TuTuTu,NANE,TuTuTu,2022-11-14,36.0,177391.0,1
J Mood,Wynton Marsalis,J Mood,1986-10-14,6.0,511200.0,1
Johnny's Theme (The Tonight Show Theme),Doc Severinsen,The Tonight Show Band with Doc Severinsen,1986-01-01,34.0,80960.0,1
Whoever's In New England,Reba McEntire,Whoever's In New England,1986-01-01,42.0,203293.0,1
Lost In The Fifties Tonight,Ronnie Milsap,Lost In The Fifties Tonight,1986-02-01,50.0,258346.0,1
Grandpa (Tell Me 'Bout The Good Old Days),nan,,,,,1
Raisin' The Dickins,Ricky Skaggs,,,,,1
Grandpa (Tell Me 'Bout The Good Old Days),nan,,,,,1
Was It a Morning Like This,Sandi Patty,Morning Like This,1986-03-01,29.0,202373.0,1
Triumph,Philip Bailey,,,,,1
They Say,Sandi Patti,,,,,1
I Surrender All,Deniece Williams,,,,,1
Going Away,Al Green,He Is The Light,1985,6.0,218400.0,1
Let My People Go,nan,,,,,1
Le Lo Lai,Jose Feliciano,,,,,1
Escenas,Rubén Blades,,,,,1
Ay Te Dejo en San Antonio,Flaco Jimenez,Ay Te Dejo En San Antonio Y Mas!,1990-01-01,30.0,172600.0,1
Showdown!,Robert Cray,,,,,1
Riding That Midnight Train,Doc Watson,Riding The Midnight Train,1986-01-01,8.0,126826.0,1
Tribute To Steve Goodman,Al Bunetta,,,,,1
I Remember Warsaw Waltz,Jimmy Sturr,Born to Polka,2022-03-01,0.0,234640.0,1
Another Polka Celebration,nan,,,,,1
Babylon the Bandit,Steel Pulse,Babylon the Bandit,1985-11-19,27.0,302026.0,1
Eating the Alphabet,Nancy McI McCabe,Make Your Own Sunshine: Music for Children,2018-08-30,0.0,172303.0,1
"Those Of You With Or Without Children, You'll Understand",Bill Cosby,,,,,1
Interviews From The Class Of '55 Recording Sessions,Johnny Cash,,,,,1
Follies In Concert,nan,,,,,1
Out Of Africa,nan,,,,,1
Dire Straits - Brothers In Arms,Dire Straits,,,,,1
"Bring On The Night / When The World Is Running Down You Make The Best Of What's (Still Around) - Live In Paris, 1985",Sting,Bring On The Night (Live),1986,33.0,701333.0,1
Suite Memories,nan,,,,,1
South Somewhere Else,Nana Grizol,South Somewhere Else,2020-06-26,24.0,262941.0,1
TuTuTu,NANE,TuTuTu,2022-11-14,36.0,177391.0,1
The Voice - The Columbia Years 1943-1952,nan,,,,,1
"Atlantic Rhythm And Blues 1947-1974, Vols. 1-7",nan,,,,,1
Back In The High Life,nan,,,,,1
Jimmy Jam & Terry Lewis,nan,,,,,1
"Horowitz - The Studio Recordings, New York 1985",nan,,,,,1
Liszt: A Faust Symphony,nan,,,,,1
Bernstein: Candide,nan,,,,,1
Orff: Carmina Burana,nan,,,,,1
"Horowitz - The Studio Recordings, New York 1985",nan,,,,,1
Beethoven: Cello And Piano Sonata No. 4 In C & Variations,nan,,,,,1
Mozart: Kathleen Battle Sings Mozart,nan,,,,,1
Lutoslawski: Symphony No. 3,nan,,,,,1
"Horowitz - The Studio Recordings, New York 1985",nan,,,,,1
Thomas Frost,nan,,,,,1
That's What Friends Are For (Single),Dionne Warwick,,,,,0
Sledgehammer (Single),Peter Gabriel,,,,,0
Greatest Love Of All (Single),Whitney Houston,,,,,0
Addicted To Love,Robert Palmer,Riptide,1985-01-01,64.0,363640.0,0
Send in the Clowns,Barbra Streisand,The Broadway Album,1985-01-01,39.0,281626.0,0
Solsbury Hill,Peter Gabriel,Peter Gabriel 1: Car (Remastered Version),1977-02-25,61.0,261440.0,0
Control (Album),Janet Jackson,,,,,0
Back In The High Life (Album),Steve Winwood,,,,,0
Sledgehammer (Single),nan,,,,,0
Higher Love (Single),nan,,,,,0
Graceland,nan,,,,,0
Addicted To Love (Single),nan,,,,,0
Glass Tiger,nan,,,,,0
Timbuk 3,nan,,,,,0
Simply Red,nan,,,,,0
Nu Shooz,nan,,,,,0
Typical Male (Single),Tina Turner,,,,,0
True Colors (Single),Cyndi Lauper,,,,,0
Papa Don't Preach (Single),Madonna,,,,,0
Friends (Album),Dionne Warwick,,,,,0
Sweet Freedom (Theme From Running Scared) (Single),Michael McDonald,,,,,0
Graceland (Album),Paul Simon,,,,,0
Glory Of Love (Theme From The Karate Kid Part II) (Single),Peter Cetera,,,,,0
Danger Zone (Single),Kenny Loggins,,,,,0
The Next Time I Fall (Single),Peter Cetera,,,,,0
On My Own (Single),Michael McDonald,,,,,0
Holding Back the Years - Extended Single Mix; 2008 Remaster,Simply Red,Picture Book (Expanded Version),1985,36.0,340266.0,0
All I Need Is A Miracle (Single),nan,,,,,0
The Brazilian (Track),Genesis,,,,,0
Overjoyed (Track),Stanley Clarke,,,,,0
Johnny's Theme (The Tonight Show Theme) (Track),Doc Severinsen,,,,,0
David Foster (Album),David Foster,,,,,0
Windham Hill Records Sampler '86,nan,,,,,0
Rendez-Vous (Album),Jean-Michel Jarre,,,,,0
Canyon (Album),Paul Winter,,,,,0
A Winter's Solstice (Album),nan,,,,,0
Talk To Me (Single),Stevie Nicks,,,,,0
Sex As A Weapon (Single),Pat Benatar,,,,,0
No Way To Treat A Lady (Single),Bonnie Raitt,,,,,0
911 (Track),Cyndi Lauper,,,,,0
To Be A Lover (Single),Billy Idol,,,,,0
Take Me Home Tonight (Single),Eddie Money,,,,,0
Sledgehammer (Single),Peter Gabriel,,,,,0
Eye Of The Zombie (Album),John Fogerty,,,,,0
Tuff Enuff (Single),nan,,,,,0
Sun City (Single),nan,,,,,0
Harlem Shuffle (Single),nan,,,,,0
Afterburner (Album),ZZ Top,,,,,0
Zap (Track),Eric Johnson,,,,,0
Where's The Walrus? (Track),nan,,,,,0
Down At Antones (Track),nan,,,,,0
Amazing Grace (Track),nan,,,,,0
Winner In You (Album),Patti LaBelle,,,,,0
Jumpin' Jack Flash (Single),Aretha Franklin,,,,,0
My Destiny,Chaka Khan,The Studio Album Collection: 1978 - 1992,2013-07-17,0.0,279173.0,0
Control (Album),Janet Jackson,,,,,0
The Rain (Single),"Oran ""Juice"" Jones",,,,,0
Since I Fell For You (Track),Al Jarreau,,,,,0
Love Zone (Single),Billy Ocean,,,,,0
Give Me the Reason - Single Version,Luther Vandross,Smooth Jazz On A Summer's Day,2000-06-05,2.0,285106.0,0
Word Up! - Single Version,Cameo,The Definitive Collection,2006-03-14,9.0,259666.0,0
The Super Bowl Shuffle (Single),nan,,,,,0
Real Real Love (feat. Winston Irie),Nancy Atlas,Feels Like Home Album 2 - Nancy Atlas Live At Guild Hall,2007-01-01,0.0,288880.0,0
Raising Hell (Album),Run-D.M.C.,,,,,0
Promise (Album),Sade,,,,,0
Zanzibar Breeze (Track),Billy Cobham,,,,,0
The Boys Of Johnson Street (Track),Stanley Clarke,,,,,0
Movie Song (Track),Kashif,,,,,0
Duotones (Album),Kenny G,,,,,0
What Have You Done For Me Lately (Single),nan,,,,,0
Living In America (Single),nan,,,,,0
KISS or KISS,Nana Kitade,Berry Berry SINGLES,2007,2.0,237813.0,0
Give Me The Reason,nan,,,,,0
The Chick Corea Elektric Band (Album),Chick Corea,,,,,0
Lyle Mays (Album),Lyle Mays,,,,,0
Free Fall (Album),Clare Fischer,,,,,0
Earth Run (Album),Lee Ritenour,,,,,0
Uptown (Album),Maxine Sullivan,,,,,0
Flight Of Fancy (Album),Sue Raney,,,,,0
Esquinas (Track),nan,,,,,0
Blues In The Night (Album),Etta James,,,,,0
She's Out Of My Life (Track),Grady Tate,,,,,0
Midnight Lady Called The Blues (Album),nan,,,,,0
I Just Want To Sing (Album),Joe Williams,,,,,0
An Elegant Evening,nan,,,,,0
Teach Me Tonight (Track),Betty Joplin,,,,,0
From All Sides (Album),Gerald Eskelin,,,,,0
Fresh! (Album),nan,,,,,0
Bogie (Album),nan,,,,,0
Royal Garden Blues (Album),nan,,,,,0
Insane Asylum (Track),nan,,,,,0
Closer To The Source (Album),nan,,,,,0
Breakthrough (Album),nan,,,,,0
Swing Reunion (Album),Louis Bellson,,,,,0
Standards Live (Album),Jack De Johnette,,,,,0
Soft Lights And Sweet Music (Album),Scott Hamilton,,,,,0
Art Blakey And The Jazz Messengers Live At Sweet Basil (Album),Art Blakey,,,,,0
Sentimental Journey (Album),Lionel Hampton,,,,,0
Let's Dance (Album),Benny Goodman,,,,,0
50th Anniversary Tour (Album),Woody Herman,,,,,0
20 Years At The Village Vanguard (Album),Mel Lewis,,,,,0
Today I Started Loving You Again - Single Version,Emmylou Harris,Emmylou Harris Anthology: The Warner/Reprise Years,2001-04-20,10.0,204866.0,0
Love At The Five And Dime (Single),Kathy Mattea,,,,,0
Daddy's Hands (Single),Holly Dunn,,,,,0
Cry (Single),Crystal Gayle,,,,,0
"Guitars, Cadillacs (Album)",Dwight Yoakam,,,,,0
Guitar Town (Album),Steve Earle,,,,,0
Diggin' Up Bones (Single),Randy Travis,,,,,0
Ain't Misbehavin' (Single),Hank Williams Jr.,,,,,0
She Used To Be Somebody's Baby (Single),Larry Gatlin,,,,,0
She And I (Single),Alabama,,,,,0
Class Of '55 (Album),Johnny Cash,,,,,0
Born Yesterday (Album),Everly Brothers,,,,,0
Under The Wire (Album),Jerry Douglas,,,,,0
Speechless (Album),Albert Lee,,,,,0
Seven By Seven (Track),New Grass Revival,,,,,0
Meanings Of (Album),Mark O'Connor,,,,,0
Whoever's In New England (Single),nan,,,,,0
"Guitars, Cadillacs (Single)",nan,,,,,0
Guitar Town (Single),nan,,,,,0
Daddy's Hands (Single),nan,,,,,0
Voices In The Wind (Album),Teri DeSario,,,,,0
So Glad I Know (Album),Deniece Williams,,,,,0
Shadowlands (Album),Sheila Walsh,,,,,0
Immortal (Album),Cynthia Clawson,,,,,0
The Big Picture (Album),Michael W. Smith,,,,,0
It's Only Natural (Track),Bebe Winans,,,,,0
From A Servant's Heart (Album),Larnelle Harris,,,,,0
Medley: Only Jesus And Calvary's Love - For God And God Alone Album Version,Steve Green,People Need The Lord,1994-01-01,7.0,342640.0,0
Undivided (Album),First Call,,,,,0
Street Light (Album),nan,,,,,0
Our Blessed Savior Has Come (Track),Carman,,,,,0
You Are I Am - Back To The Street Album Version,Petra,Petra Power Praise,1994-01-01,6.0,190093.0,0
The Search Is Over (Album),Tramaine Hawkins,,,,,0
Spirit (Album),Albertina Walker,,,,,0
Sing A Song (Album),Candi Staton,,,,,0
Celebration (Album),Shirley Caesar,,,,,0
Worthy (Album),Rodney Friend,,,,,0
Totally Committed (Album),Howard Smith,,,,,0
Just Daryl (Album),Daryl Coley,,,,,0
Glorious Day (Album),Derrick Brinkley,,,,,0
Jesus Is Mine (Track),Shirley Caesar,,,,,0
James Cleveland And The Southern California Community Choir (Album),James Cleveland,,,,,0
Dorothy Norwood And Friends (Album),Dorothy Norwood,,,,,0
Choose Ye (Track),Vanessa Bell Armstrong,,,,,0
Yo Te Pido Amor (Track),Yuri,,,,,0
Pruebame (Single),Jose Jose,,,,,0
Inolvidable Tito... A Mi Me Pasa Lo Mismo Que A Usted (Album),Danny Rivera,,,,,0
Como Te Va Mi Amor (Track),Pandora,,,,,0
Nueva Cosecha (Album),Willie Rosario,,,,,0
Homenaje A Beny More - Vol. III (Album),Celia Cruz,,,,,0
Especial No. 5 (Album),Willie Colon,,,,,0
Afro-Cuban Jazz (Album),Mario Bauza,,,,,0
Y...Zas! (Album),Rafael Buendia,,,,,0
Unidos Cantemos (Single),Salvador Torres,,,,,0
Turn Me Loose,Steve Jordan,,,,,0
Juan Valentin (Album),Juan Valentin,,,,,0
El Otro Mexico (Album),Los Tigres Del Norte,,,,,0
Corazon Vacio (Single),Los Yonics,,,,,0
Pressure Cooker (Album),"Clarence ""Gatemouth"" Brown",,,,,0
Live! Backstage Access (Album),Willie Dixon,,,,,0
Live From Chicago - Mr. Superharp Himself! (Album),James Cotton,,,,,0
Jealous (Album),John Lee Hooker,,,,,0
Waitin' For My Ya Ya,Buckwheat Zydeco,,,,,0
Hot Steppin' With Rockin' Sidney (Album),Rockin' Sidney,,,,,0
Caught In The Act (Album),Queen Ida,,,,,0
20th Anniversary Concert (Album),New Lost City Ramblers,,,,,0
No Easy Walk To Freedom,nan,,,,,0
Last Of The True Believers (Album),Nanci Griffith,,,,,0
I'm Alright (Album),Loudon Wainwright III,,,,,0
German Afternoons (Album),John Prine,,,,,0
Thank You Dear And Give Her Roses (Album),Hank Haller Ensemble,,,,,0
By Special Request,Walter Ostanek,,,,,0
America's Favorites (Album),Frank Yankovic,,,,,0
Rasta Philosophy (Album),nan,,,,,0
Linton Kwesi Johnson In Concert With The Dub Band (Album),Linton Kwesi Johnson,,,,,0
Club Paradise (Single),Jimmy Cliff,,,,,0
Brutal (Album),Black Uhuru,,,,,0
One-Minute Bedtime Stories (Album),Shari Lewis,,,,,0
Itsy Bitsy Spider (Single),Carly Simon,,,,,0
A Light In The Attic (Album),Shel Silverstein,,,,,0
Appalachian Lullaby,Tanya Goodman,A Child's Gift of Lullabyes,1987-01-01,35.0,189360.0,0
Twist And Shout,Rodney Dangerfield,,,,,0
Playin' With Your Head (Album),George Carlin,,,,,0
Mud Will Be Flung Tonight! (Album),Bette Midler,,,,,0
I Have A Pony (Album),Steven Wright,,,,,0
Bob And Ray: A Night Of Two Stars Recorded Live At Carnegie Hall,nan,,,,,0
The Stories Of Ray Bradbury (Album),Ray Bradbury,,,,,0
Interview With The Vampire,F. Murray Abraham,,,,,0
Hardheaded Boys (Album),Bill Cosby,,,,,0
Gulliver (Album),John Gielgud,,,,,0
The Mystery Of Edwin Drood (Original Broadway Cast Recording) (Album),nan,,,,,0
Sweet Charity (Original Broadway Cast) (Album),nan,,,,,0
Song And Dance (Album),nan,,,,,0
Me And My Girl (Original Cast Album) (Album),nan,,,,,0
Young Sherlock Holmes (Music From The Motion Picture Soundtrack) (Album),nan,,,,,0
Top Gun Anthem (Track),nan,,,,,0
J Mood (Track),nan,,,,,0
Elektric City (Track),nan,,,,,0
Earth Run (Track),nan,,,,,0
Aliens (Original Motion Picture Soundtrack) (Album),nan,,,,,0
So Excited (Video),nan,,,,,0
Rupert And The Frog Song (Video),Paul McCartney,,,,,0
Runaway (Video),Luis Cardenas,,,,,0
Brother Where You Bound (Video),Supertramp,,,,,0
Sunset Bird,Nano Sounds,Peaceful City Nature,2022-09-29,0.0,68356.0,0
Pete Townshend: White City - The Music Movie (Video),Pete Townshend,,,,,0
Frank Sinatra: Portrait Of An Album (Video),Frank Sinatra,,,,,0
9012 Live (Video),Yes,,,,,0
The First Letter (Track),nan,,,,,0
Solfeggietto Metamorphosis (Track),nan,,,,,0
Cherokee (Track),nan,,,,,0
Am/Pm (Track),nan,,,,,0
Free Fall (Track),nan,,,,,0
Forget The Woman (Track),nan,,,,,0
A Time For Love (Track),nan,,,,,0
True Stories (Album),nan,,,,,0
"The Voice, The Columbia Years 1943-1952 (Album)",nan,,,,,0
Stereotomy,nan,,,,,0
Songs Unspoken (Album),nan,,,,,0
Virtuosi (Album),nan,,,,,0
The Mapleson Cylinders (Album),nan,,,,,0
Elektrock The Sixties (Album),nan,,,,,0
Biograph (Album),nan,,,,,0
"The Voice, The Columbia Years 1943-1952 (Album)",nan,,,,,0
The Mapleson Cylinders (Album),nan,,,,,0
The Complete Keynote Collection (Album),nan,,,,,0
Biograph (Album),nan,,,,,0
Riptide (Album),nan,,,,,0
GRP Live In Session (Album),nan,,,,,0
Dog Eat Dog,nan,,,,,0
David Foster (Album),nan,,,,,0
David Foster (producer),nan,,,,,0
"Russ Titelman, Steve Winwood (producers)",nan,,,,,0
Paul Simon (producer),nan,,,,,0
Michael Omartian (producer),nan,,,,,0
"Pleasures Of Their Company (Bach, Gounod, Villa-Lobos) (Album)",nan,,,,,0
Mendelssohn: Symphony No. 3 In A Minor (Scottish) And No. 4 In A (Italian) (Album),nan,,,,,0
Copland: Billy The Kid And Rodeo (Complete Ballets) (Album),nan,,,,,0
Bernstein: Candide (Album),nan,,,,,0
Beethoven: Symphony No. 9 In D Minor (Choral) (Album),nan,,,,,0
Beethoven: Cello And Piano Sonata No. 4 In C/And Variations (Album),nan,,,,,0
Vaughan-Williams: Sinfonia Antartica (Album),nan,,,,,0
"Respighi: The Pines Of Rome, The Fountains Of Rome, Roman Festivals (Album)",nan,,,,,0
Copland: Billy The Kid And Rodeo (Album),nan,,,,,0
"Beethoven: Symphony No. 9 In D Minor \""Choral\"" (Album)",nan,,,,,0
Verdi: Un Ballo In Maschera (The Masked Ball) (Album),nan,,,,,0
Verdi: Otello (Album),nan,,,,,0
Verdi: Don Carlos (Album),nan,,,,,0
Mozart: The Marriage Of Figaro (Album),nan,,,,,0
"Choral Masterpieces: (Beethoven, Mozart, Bach, Handel, Berlioz, Haydn, Brahms, Etc.) (Album)",nan,,,,,0
Berlioz: Romeo Et Juliette (Album),nan,,,,,0
Beethoven: Missa Solemnis (Album),nan,,,,,0
Bach: Mass In B Minor (Album),nan,,,,,0
"Tomasi: Concerto For Trumpet And Orchestra/Jolivet: Concerto No. 2 For Trumpet; Concertino For Trumpet, String Orchestra And Piano (Album)",nan,,,,,0
Mozart: Horn Concerto No. 3 (Album),nan,,,,,0
Haydn: Trumpet Concerto In E Flat (Album),nan,,,,,0
"Beethoven: Piano Concerto No. 5 In E Flat (\""Emperor\"") (Album)",nan,,,,,0
Bach: Well Tempered Clavier - Book 1 (Album),nan,,,,,0
Rachmaninov: Cello And Piano Sonata (Album),nan,,,,,0
"Mozart: Music For Basset Horns (Divertimenti, Notturni, Adagios) (Album)",nan,,,,,0
Brahms: Violin And Piano Sonata; No. 1 In G/No. 2 In A/No. 3 In D Minor/Hungarian Dances (Album),nan,,,,,0
"Benny Goodman: Private Collection (Beethoven, Brahms, Von Weber) (Album)",nan,,,,,0
Weill: Stratas Sings Weill (Album),nan,,,,,0
Passione Pavarotti (Favorite Neapolitan Love Songs) (Album),nan,,,,,0
Canteloube: Chants D'Auvergne Vol.II/Triptyque (Album),nan,,,,,0
Beautiful Dreamer (The Great American Songbook) (Album),nan,,,,,0
Zwilich: Symphony No. 1 (Album),nan,,,,,0
Glass: Company (Single),nan,,,,,0
Corea: Septet (Track),nan,,,,,0
Beaser: Mountain Songs (A Cycle Of American Folk Music) (Album),nan,,,,,0
"Respighi: The Pines Of Rome, The Fountains Of Rome And Roman Festivals (Album)",nan,,,,,0
Liszt: A Faust Symphony (Album),nan,,,,,0
Copland: Billy The Kid And Rodeo (Complete Ballets) (Album),nan,,,,,0
Bernstein: Candide (Album),nan,,,,,0
Steven Epstein,nan,,,,,0
Robert Woods,nan,,,,,0
Jay David Saks,nan,,,,,0
Marc Aubort & Joanna Nickrenz,nan,,,,,0
We Are The World,nan,,,,,1
No Jacket Required,Phil Collins,,,,,1
We Are The World,nan,,,,,1
Sadeyan Paran - Ungrateful Edit,Simon Nandhra,Silent Tears,2006-01-01,25.0,296066.0,1
Saving All My Love for You,Whitney Houston,Whitney Houston,1985-02-14,66.0,238466.0,1
No Jacket Required,Phil Collins,,,,,1
We Are The World,nan,,,,,1
Miami Vice Theme,Jan Hammer,Escape From Television,1987-01-01,40.0,147600.0,1
One of the Living,Tina Turner,Private Dancer (30th Anniversary Issue),1984-05-29,26.0,251640.0,1
The Boys Of Summer,Don Henley,Building The Perfect Beast,1984-01-01,73.0,288733.0,1
Money for Nothing,Dire Straits,Brothers in Arms,1985-05-13,60.0,506400.0,1
Escape,Jeff Beck,Flash,1985-07,21.0,280066.0,1
Freeway Of Love,Aretha Franklin,Who's Zoomin' Who? (Expanded Edition),1985,46.0,352093.0,1
Never In Your Sun,Stevie Wonder,In Square Circle,1985-09-13,38.0,246960.0,1
Nightshift,Commodores,Nightshift,1985-01-01,61.0,306560.0,1
Musician,Ernie Watts,,,,,1
Freeway Of Love,nan,,,,,1
Straight to the Heart - Live,David Sanborn,Straight To The Heart (Live),1984,19.0,309666.0,1
Cleo At Carnegie - The 10th Anniversary Concert,Cleo Laine,,,,,1
Another Night In Tunisia,Bobby McFerrin,Spontaneous Inventions,1986-01-01,10.0,254200.0,1
Vocalese,nan,,,,,1
Black Codes From The Underground,nan,,,,,1
Black Codes From The Underground,nan,,,,,1
The Cotton Club - Original Motion Picture Soundtrack,John Barry,,,,,1
I Don't Know Why You Don't Want Me,Rosanne Cash,The Essential Rosanne Cash,2011-06-24,21.0,198346.0,1
Lost In The Fifties Tonight (In The Still Of The Night),Ronnie Milsap,Sings His Best Hits For Capitol Records,1996-09-17,22.0,272826.0,1
Why not me - Freestyle,Prayog Nani,Walking in Moon Light,2022-04-07,0.0,166069.0,1
Cosmic Square Dance,Chet Atkins,The Essential Chet Atkins - The Columbia Years,1983,14.0,255026.0,1
Highwayman,nan,,,,,1
Unguarded,Amy Grant,,,,,1
How Excellent Is Thy Name,Larnelle Harris,I've Just Seen Jesus,1985-01-08,14.0,124466.0,1
I've Just Seen Jesus,Sandi Patti,,,,,1
Martin,Shirley Caesar,Celebration,1985-05-06,0.0,328733.0,1
Bring Back The Days Of Yea And Nay,Marvin Winans,,,,,1
Tomorrow,Nando Fortunato,Tomorrow,2021-05-19,35.0,309254.0,1
Come Sunday,Jennifer Holliday,20th Century Masters: The Millennium Collection: Best Of Jennifer Holliday,2000-01-01,4.0,342493.0,1
Es Fácil Amar,Lani Hall,Es Fácil Amar,1985-01-01,11.0,230440.0,1
Solito,Eddie Palmieri,Solito,1985-12-31,5.0,589872.0,1
El Mambo Diablo,Tito Puente,The Complete 78's: Vol. 2,2008,20.0,188706.0,1
Simplemente Mujer,Vikki Carr,,,,,1
My Guitar Sings The Blues,B.B. King,Six Silver Strings,1985-01-01,2.0,219196.0,1
My Toot Toot,Rockin' Sidney,My Toot Toot,1991-02-13,28.0,229760.0,1
70 Years Of Hits,Frank Yankovic,,,,,1
Cliff Hanger,Jimmy Cliff,,,,,1
Follow That Bird - Original Motion Picture Soundtrack,nan,,,,,1
Whoopi Goldberg - Original Broadway Show Recording,Whoopi Goldberg,,,,,1
Ma Rainey's Black Bottom,nan,,,,,1
We Are The World - The Video Event,nan,,,,,1
Huey Lewis & The News - The Heart Of Rock 'n' Roll,Huey Lewis,,,,,1
Miami Vice Theme,nan,,,,,1
Beverly Hills Cop,nan,,,,,1
West Side Story,La Marimba De Zeferino Nandayapa,20 Grandes Temas de la Pantalla,2018-01-20,0.0,353373.0,1
Early A.M. Attitude,nan,,,,,1
Lush Life - Remastered,Nancy Wilson,Lush Life,1995-01-01,10.0,207906.0,1
Another Night In Tunisia,nan,,,,,1
Lush Life - Remastered,Nancy Wilson,Lush Life,1995-01-01,10.0,207906.0,1
"Sam Cooke Live At The Harlem Square Club, 1963",nan,,,,,1
RCA/Met - 100 Singers - 100 Years,nan,,,,,1
Brothers In Arms,nan,,,,,1
Phil Collins & Hugh Padgham,nan,,,,,1
Berlioz: Requiem,nan,,,,,1
Faure: Pelleas Et Melisande,nan,,,,,1
Schoenberg: Moses Und Aron,nan,,,,,1
Berlioz: Requiem,nan,,,,,1
"Elgar: Cello Concerto, Op. 85/Walton: Concerto For Cello & Orch.",nan,,,,,1
Ravel: Gaspard De La Nuit; Pavane Pour Une Infante Defunte; Valses Nobles Et Sentimentales,nan,,,,,1
Brahms: Cello And Piano Sonatas In E Minor And F,nan,,,,,1
Berlioz: Requiem,nan,,,,,1
,nan,,,,,1
Lloyd Webber: Requiem,nan,,,,,1
Berlioz: Requiem,nan,,,,,1
Robert Woods,nan,,,,,1
The Boys Of Summer (Single),Don Henley,,,,,0
Money For Nothing (Single Edit) - 2022 Remaster,Dire Straits,Money For Nothing (2022 Remaster),1988,45.0,248280.0,0
The Power Of Love (Single),Huey Lewis,,,,,0
Born In The U.S.A. (Single),Bruce Springsteen,,,,,0
Whitney Houston (Album),Whitney Houston,,,,,0
We Are The World-USA For Africa/The Album (Album),nan,,,,,0
The Dream Of The Blue Turtles (Album),Sting,,,,,0
Brothers In Arms (Album),Dire Straits,,,,,0
The Boys Of Summer (Single),nan,,,,,0
Money For Nothing (Single),nan,,,,,0
I Want To Know What Love Is (Single),nan,,,,,0
Everytime You Go Away (Single),nan,,,,,0
Katrina And The Waves,nan,,,,,0
Freddie Jackson,nan,,,,,0
Tonight May Have To Last Me All My Life - Remastered,Nancy Wilson,"Today, Tomorrow, Forever",2000-01-01,39.0,173466.0,0
Julian Lennon,nan,,,,,0
We Don't Need Another Hero (Thunderdome) (Single),Tina Turner,,,,,0
We Belong (Single),Pat Benatar,,,,,0
Lush Life,Linda Ronstadt,The 80's Studio Album Collection,2014-04-14,1.0,235266.0,0
Crazy For You (Single),Madonna,,,,,0
The Heat Is On (Single),Glenn Frey,,,,,0
The Dream Of The Blue Turtles (Album),Sting,,,,,0
Part-Time Lover - Single Version,Stevie Wonder,The Definitive Collection,2002-10-29,53.0,222733.0,0
Everytime You Go Away (Single),Paul Young,,,,,0
The Power Of Love (Single),Huey Lewis,,,,,0
I Want To Know What Love Is (Single),Foreigner,,,,,0
Easy Lover (Single),Philip Bailey,,,,,0
Broken Wings (Track),Mr. Mister,,,,,0
Shake Down (Single),Spyro Gyra,,,,,0
Love Theme From St. Elmo's Fire (Single),David Foster,,,,,0
Harlequin (Album),Dave Grusin,,,,,0
Axel F (Single),Harold Faltermeyer,,,,,0
What A Thrill (Track),Cyndi Lauper,,,,,0
Rock This House (Track),Nona Hendryx,,,,,0
Read My Lips (Track),Melba Moore,,,,,0
Invincible (Theme From Legend Of Billie Jean) (Single),Pat Benatar,,,,,0
Rain On The Scarecrow,John Mellencamp,Scarecrow,1985,51.0,226226.0,0
Reckless (Album),Bryan Adams,,,,,0
Just Another Night (Single),Mick Jagger,,,,,0
Centerfield (Album),John Fogerty,,,,,0
Would I Lie To You? (Single),nan,,,,,0
We Built This City (Single),Starship,,,,,0
It's Only Love (Track),Bryan Adams,,,,,0
Achy Breaky Heart - Secret Sounds Remix,Sunny Heart,Party Remix Album,2020-07-31,6.0,197860.0,0
The Ritual (Track),nan,,,,,0
Say What! (Track),Stevie Ray Vaughan,,,,,0
Rising Force (Album),Yngwie Malmsteen,,,,,0
Guitar Army (Track),Big Guitars From Texas,,,,,0
Back To Earth (Track),Northern Star,,,,,0
You Give Good Love (Single),Whitney Houston,,,,,0
New Attitude (Single),Patti LaBelle,,,,,0
Lovergirl (Track),Teena Marie,,,,,0
I Feel for You,Chaka Khan,The Studio Album Collection: 1978 - 1992,2013-07-17,9.0,343400.0,0
You Are My Lady (Single),Freddie Jackson,,,,,0
The Night I Fell In Love (Album),Luther Vandross,,,,,0
High Crime (Track),Al Jarreau,,,,,0
Chinese Wall (Album),Philip Bailey,,,,,0
The Way You Do The Things You Do/My Girl (Single),David Ruffin,,,,,0
Solid (Album),nan,,,,,0
Sisters Are Doin' It For Themselves (Track),Aretha Franklin,,,,,0
Contact (Album),nan,,,,,0
Rain Forest (Album),Paul Hardcastle,,,,,0
Pacific Coast Highway (Track),Jeff Lorber,,,,,0
Love Light In Flight (Track),Dave Valentin,,,,,0
First Avenue (Single),Buster Pearson,,,,,0
Caribbean Queen (Single),Barney Rachabane,,,,,0
Bass And Trouble,nan,,,,,0
You Give Good Love (Single),nan,,,,,0
Through The Fire (Single),nan,,,,,0
Nightshift (Single),nan,,,,,0
New Attitude (Single),nan,,,,,0
You're Under Arrest (Album),Miles Davis,,,,,0
Sportin' Life (Album),Weather Report,,,,,0
Magic Touch (Album),Stanley Jordan,,,,,0
Atlantis (Album),Wayne Shorter,,,,,0
Alternating Currents (Album),Spyro Gyra,,,,,0
The Great Songs From The Cotton Club (Album),Maxine Sullivan,,,,,0
Sing Joy Spring (Track),Janis Siegel,,,,,0
Meet Benny Bailey (Track),Cheryl Bentyne,,,,,0
Made In New York (Album),Tania Maria,,,,,0
20 Years Blue (Track),Flora Purim,,,,,0
"Oh Yes, I Remember Clifford (Track)",Alan Paul,,,,,0
"Mark Murphy Sings Nat's Choice - The Nat \""King\"" Cole Songbook, Volume I (Album)",Mark Murphy,,,,,0
Live At Vine Street (Album),Dave Frishberg,,,,,0
Beyond The Sea (Track),George Benson,,,,,0
To You (Track),nan,,,,,0
Ray's Rockhouse (Track),Jon Hendricks,,,,,0
Night In The City (Album),Phil Mattson,,,,,0
Hot IV (Album),nan,,,,,0
Blue (Track),Barry Manilow,,,,,0
American Eyes (Album),Rare Silk,,,,,0
Sing Joy Spring (Track),nan,,,,,0
Meet Benny Bailey (Track),nan,,,,,0
Magic Touch (Album),nan,,,,,0
Human Nature (Track),nan,,,,,0
Voyage (Album),Chick Corea,,,,,0
The Dream Of The Blue Turtles (Track),Sting,,,,,0
"Standards, Vol. 2 (Album)",Keith Jarrett,,,,,0
One Night With Blue Note (Album),nan,,,,,0
The African Game (Album),George Russell,,,,,0
March Of The Tadpoles (Album),Toshiko Akiyoshi,,,,,0
Don't Stop Now! (Album),Louis Bellson,,,,,0
Ambassador At Large (Album),Lionel Hampton,,,,,0
You Make Me Want To Make You Mine (Single),Juice Newton,,,,,0
The Ballad of Sally Rose,Emmylou Harris,The 80's Studio Album Collection,2014-11-04,2.0,165906.0,0
She's Single Again,Janie Fricke,17 Greatest Hits,1979,25.0,164666.0,0
Real Love (Album),Dolly Parton,,,,,0
You Make Me Feel Like A Man (Single),Ricky Skaggs,,,,,0
I Don't Mind The Thorns (If You're The Rose) (Single),Lee Greenwood,,,,,0
Forgiving You Was Easy (Single),Willie Nelson,,,,,0
Baby's Got Her Blue Jeans On (Single),Mel McDaniel,,,,,0
The Forester Sisters (Album),nan,,,,,0
Real Love (Track),Dolly Parton,,,,,0
Meet Me In Montana (Single),Marie Osmond,,,,,0
Highwayman (Single),Kris Kristofferson,,,,,0
Can't Keep A Good Man Down (Single),Alabama,,,,,0
Windy And Warm (Track),Merle Watson,,,,,0
"Vassar Clements, John Hartford, Dave Holland (Album)",Dave Holland,,,,,0
Lasso The Moon (Instrumental) (Track),Charlie McCoy,,,,,0
Folsom Prison Blues (Track),Earl Scruggs,,,,,0
Love Is Alive (Single),nan,,,,,0
Lost In The Fifties Tonight (In The Still Of The Night) (Single),nan,,,,,0
I Don't Know Why You Don't Want Me (Single),nan,,,,,0
Forty Hour Week (For A Livin') (Single),nan,,,,,0
Desperados Waiting For A Train (Single),nan,,,,,0
Baby's Got Her Blue Jeans On (Single),nan,,,,,0
Hymns Just For You (Album),Sandi Patti,,,,,0
Don't Hide Your Heart (Album),Sheila Walsh,,,,,0
Choose Life (Album),Debby Boone,,,,,0
Black And White In A Grey World (Album),Leslie Phillips,,,,,0
Power Of Praise (Album),Phil Driscoll,,,,,0
Medals (Album),Russ Taff,,,,,0
Praise To The King - He Holds The Keys Album Version,Steve Green,He Holds The Keys,1985-01-01,6.0,152866.0,0
Fifty Golden Years (Album),James Blackwood Sr.,,,,,0
Let The Wind Blow (Album),nan,,,,,0
I Could Never Say Goodbye (Single),Amy Grant,,,,,0
Commander Sozo And The Charge Of The Light Brigade (Album),nan,,,,,0
It Is Finished - Beat The System Album Version,Petra,Beat The System,1985-01-01,26.0,234000.0,0
Lift Him Up (Track),Dorothy Norwood,,,,,0
Deleon (Album),DeLeon Richards,,,,,0
Chosen (Album),Vanessa Bell Armstrong,,,,,0
Blessed Assurance (Track),Vernessa Mitchell,,,,,0
Unspeakable Joy (Album),Douglas Miller,,,,,0
Stop Your Searchin' (Try God!) (Track),Philip Nicholas,,,,,0
So Good (Album),Howard McCrary,,,,,0
Heavy Load (Album),Marvin Yancy,,,,,0
Tomorrow (Track),Carvin Winans,,,,,0
We're Waiting (Album),Sandra Crouch,,,,,0
Have Mercy (Album),Edwin Hawkins,,,,,0
Completely Yes (Track),Sandra Crouch,,,,,0
You Are The One (Track),nan,,,,,0
No More Night (Album),Glen Campbell,,,,,0
Christmas At Our House (Album),Barbara Mandrell,,,,,0
"16,000 Faces",Pat Boone,,,,,0
Ya Soy Tuyo (Album),Jose Feliciano,,,,,0
Solo Una Mujer (Album),Lucia Mendez,,,,,0
Reflexiones (Album),Jose Jose,,,,,0
Por Ella (Track),Jose Jose,,,,,0
Noche De Discotheque (Album),nan,,,,,0
Mucho Mejor (Album),Rubén Blades,,,,,0
"Free Spirit, Espirito Libre (Album)",Mongo Santamaria,,,,,0
De Nuevo (Album),Celia Cruz,,,,,0
Santiago Strikes Again (Album),Santiago Jiminez Jr.,,,,,0
Mujer Importante (Album),Maria De Lourdes,,,,,0
Canta A Juan Gabriel (Album),Rocio Durcal,,,,,0
20 Exitos Romanticos Con Juan Valentin (Album),Juan Valentin,,,,,0
13 Aniversario/13 Album/13 Exitos (Album),Los Humildes,,,,,0
When A Guitar Plays The Blues (Album),Roy Buchanan,,,,,0
Serious Business (Album),Johnny Winter,,,,,0
Queen Of The Blues (Album),Koko Taylor,,,,,0
"Patcha, Patcha, All Night Long (Album)",Joe Turner,,,,,0
Members Only (Album),Bobby Bland,,,,,0
Big Joe Turner With Knocky Parker And His Houserockers (Album),Knocky Parker,,,,,0
Zydeco Gris-Gris (Album),Beausoleil,,,,,0
Turning Point,Buckwheat Zydeco & Ils Sont Partis Band,Turning Point,1983-01-01,3.0,365693.0,0
Souvenirs (Album),Dewey Balfa,,,,,0
Live At The San Francisco Blues Festival (Album),Clifton Chenier,,,,,0
Simply Polkamentary (Album),Lenny Gomulka,,,,,0
Polskie Czucie Polish Feelings,Li'l Wally,,,,,0
Polka Fireworks (Album),nan,,,,,0
Brass With Class (Album),nan,,,,,0
Resistance (Album),Burning Spear,,,,,0
Working Wonders,Judy Mowatt,Working Wonders,1987-01-01,2.0,285026.0,0
Play The Game Right (Album),Ziggy Marley,,,,,0
Alive In Jamaica (Album),nan,,,,,0
We Are The World (Single),nan,,,,,0
The Velveteen Rabbit (Album),Meryl Streep,,,,,0
Prokofiev: Peter And The Wolf (Album),Dudley Moore,,,,,0
E.T.A. Hoffman - Tchaikovsky - Nutcracker (Album),Christopher Plummer,,,,,0
Bullfrogs And Butterflies (Part II) (Album),nan,,,,,0
You Look Marvelous (Single),Billy Crystal,,,,,0
Honeymooners Rap (Single),Joe Piscopo,,,,,0
Dare To Be Stupid (Album),"""Weird Al"" Yankovic",,,,,0
Born In East L.A. (Single),nan,,,,,0
Zukerman Bound (Album),Philip Roth,,,,,0
The Spy Who Came In From The Cold,John Le Carre,,,,,0
The Adventures Of Huckleberry Finn,Dick Cavett,,,,,0
Catch 22,Alan Arkin,,,,,0
The Daryl Hall And John Oates Video Collection - 7 Big Ones (Video),nan,,,,,0
Private Dancer (Video),Tina Turner,,,,,0
No Jacket Required (Video),Phil Collins,,,,,0
Do They Know It's Christmas (Video),nan,,,,,0
Wham! The Video (Video),nan,,,,,0
Tina Live - Private Dancer Tour (Video),Tina Turner,,,,,0
The Police Synchronicity Concert (Video),nan,,,,,0
Prince And The Revolution Live (Video),Prince,,,,,0
With Bells On,nan,,,,,0
Love Theme From St. Elmo's Fire (Single),nan,,,,,0
Back To The Future (Single),nan,,,,,0
Axel F (Single),nan,,,,,0
Witness (Album),nan,,,,,0
St. Elmo's Fire (Album),nan,,,,,0
Back To The Future (Album),nan,,,,,0
A Passage To India (Album),nan,,,,,0
Very Warm For May (Album),nan,,,,,0
The Tap Dance Kid (Album),nan,,,,,0
Greatest Hits From Leader Of The Pack,nan,,,,,0
Big River (Album),nan,,,,,0
The African Game (Album),nan,,,,,0
"Suite Of Dances From \""Pacific Overtures\"" (Track)",nan,,,,,0
Stille Nacht (Silent Night) (Track),nan,,,,,0
March Of The Tadpoles (Track),nan,,,,,0
Why Do People Fall In Love (Track),nan,,,,,0
Through The Fire (Single),nan,,,,,0
Harlequin (Track),nan,,,,,0
Beyond The Sea (Track),nan,,,,,0
Ray's Rockhouse (Track),nan,,,,,0
Nightshift (Single),nan,,,,,0
I Hear Music (Track),nan,,,,,0
Blee Blop Blues (Track),nan,,,,,0
In Square Circle (Album),nan,,,,,0
Hunting High And Low (Album),nan,,,,,0
Highwayman (Album),nan,,,,,0
Dangerous Moments (Album),nan,,,,,0
The Girl From Ipanema - The Bossa Nova Years (Album),nan,,,,,0
Crossroads - White Blues In The 1960's (Album),nan,,,,,0
Bleeker And Macdougal - The Folk Scene Of The 60's (Album),nan,,,,,0
American Popular Song (Album),nan,,,,,0
Billie Holiday On Verve 1946-1959 (Album),nan,,,,,0
Bill Evans: The Complete Riverside Recordings (Album),nan,,,,,0
American Popular Song (Album),nan,,,,,0
The Dream Of The Blue Turtles (Album),nan,,,,,0
Modern Manners (Album),nan,,,,,0
Harlequin (Album),nan,,,,,0
Crazy From The Heat (Album),nan,,,,,0
David Foster (producer),nan,,,,,0
"Neil Dorfsman, Mark Knopfler (producers)",nan,,,,,0
Narada Michael Walden (producer),nan,,,,,0
"Don Henley, Danny Kortchmar & Greg Ladanyi (producers)",nan,,,,,0
Respighi: Pines Of Rome/ The Birds/ Fountains Of Rome (Album),nan,,,,,0
Prokofiev: Cinderella (Suite) (Album),nan,,,,,0
"Mozart: Violin And Piano Sonatas (K.296,305,306) (Album)",nan,,,,,0
Mahler: Symphony No. 7 In E Minor (Album),nan,,,,,0
Handel: Messiah (Album),nan,,,,,0
Gershwin: Rhapsody In Blue/ Second Rhapsody For Orchestra With Piano/ Short Story/ Violin Piece/ For Lily Pons/ Sleepless Night/ Promenade (Album),nan,,,,,0
Dvorák: Symphony No. 7 In D Minor,nan,,,,,0
Berlioz: Les Nuits D'ete/Faure: Pelleas Et Melisande (Album),nan,,,,,0
Respighi: Pines Of Rome/The Birds/Fountains Of Rome (Album),nan,,,,,0
Prokofiev: Cinderella (Suite) (Album),nan,,,,,0
Liszt: A Faust Symphony (Album),nan,,,,,0
Dvorák: Symphony No. 7 In D Minor,nan,,,,,0
Wagner: Der Fliegende Hollander (The Flying Dutchman) (Album),nan,,,,,0
Stravinsky: The Rake's Progress (Album),nan,,,,,0
Puccini: Manon Lescaut (Album),nan,,,,,0
Leoncavallo: Il Pagliacci (Original Soundtrack) (Album),nan,,,,,0
Verdi: Requiem (Album),nan,,,,,0
Mozart: Requiem (Album),nan,,,,,0
Lloyd Webber: Requiem (Album),nan,,,,,0
Handel: Messiah (Album),nan,,,,,0
Schumann: Piano Concerto In A Minor/ Chopin: Piano Concerto No. 2 In F Minor (Album),nan,,,,,0
Khachaturian: Violin Concerto In D Minor (Album),nan,,,,,0
"James Galway Plays Khachaturian (Concerto For Flute And Orchestra/ Spartacus, Masquerade And Gayaneh) (Album)",nan,,,,,0
Gershwin: Second Rhapsody For Orchestra With Piano (Track),nan,,,,,0
Gershwin: Rhapsody In Blue (Album),nan,,,,,0
Gershwin: Preludes For Piano/Short Story/Violin Piece/ For Lily Pons/ Sleepless Night/ Promenade (Track),nan,,,,,0
Chopin: Piano Sonatas No. 2 in B-Flat Minor And No. 3 In B Minor (Album),nan,,,,,0
Chopin: 4 Scherzi/ Polonaise Fantaisie Op. 61 (Album),nan,,,,,0
"\""Guitarra\"" - The Guitar In Spain (Mudarra, Guerau, Boccherini, Sor, Tarrega, Albeniz, Falla, Turina, Etc.) (Album)",nan,,,,,0
The King's Singers' Madrigal History Tour (Vol. 1- Italian-English/Vol. 2 - French And Spanish) (Album),nan,,,,,0
Tchaikovsky: Piano Trio In A Minor (Album),nan,,,,,0
Mozart: Piano And Wind Quintet In E Flat/ Beethoven: Piano And Wind Quintet In E-Flat (Album),nan,,,,,0
Dvorák: Sonatina In G And Four Romantic Pieces/ Smetana: From My Homeland,nan,,,,,0
Zarzuela Arias And Duets (Arias Only) (Album),nan,,,,,0
"Marilyn Horne Sings (Offenbach, Cherubini, Saint-Saens, Etc.) (Album)",nan,,,,,0
"Canteloube: Chants D'auvergne, Vol.2/Villa-Lobos: Bachianas Brasileiras, No. 5 (Album)",nan,,,,,0
Berlioz: Les Nuits D'Ete/Debussy: La Damoiselle Elue (Album),nan,,,,,0
Berlioz: Les Nuits D'Ete (Track),nan,,,,,0
,nan,,,,,0
,nan,,,,,0
,nan,,,,,0
Starer: Violin Concerto (Album),nan,,,,,0
Perle: Serenade No. 3 For Piano And Chamber Orchestra (Album),nan,,,,,0
Glass: Satyagraha (Album),nan,,,,,0
Adams: Harmonium For Large Orchestra And Chorus (Album),nan,,,,,0
Tchaikovsky: The Nutcracker (Complete) (Album),nan,,,,,0
Respighi: Pines Of Rome/ The Birds/Fountains Of Rome (Album),nan,,,,,0
Prokofiev: Cinderella (Suite) (Album),nan,,,,,0
Mahler: Symphony No. 1 In D Major (Album),nan,,,,,0
Dvorák: Symphony No. 7 In D Minor,nan,,,,,0
Berlioz: Les Nuite D'ete/Faure: Pelleas Et Melisande,nan,,,,,0
Steven Epstein,nan,,,,,0
Jay David Saks,nan,,,,,0
David Mottley,nan,,,,,0
James Mallinson,nan,,,,,0
What's Love Got to Do with It,Tina Turner,What's Love Got to Do with It?,1993,65.0,226880.0,1
Can't Slow Down,Lionel Richie,,,,,1
What's Love Got To Do With It,nan,,,,,1
Cyndi Lauper,nan,,,,,1
What's Love Got to Do with It,Tina Turner,What's Love Got to Do with It?,1993,65.0,226880.0,1
Against All Odds (Take a Look at Me Now) - 2016 Remaster,Phil Collins,The Singles (Expanded),2016-10-14,72.0,206360.0,1
Jump (For My Love),nan,,,,,1
Ghostbusters (Instrumental),nan,,,,,1
Better Be Good to Me - 2015 Remaster,Tina Turner,Private Dancer (30th Anniversary Issue),1984-05-29,44.0,312386.0,1
Dancing In the Dark,Bruce Springsteen,Born In The U.S.A.,1984-06-04,75.0,241306.0,1
Purple Rain - Music From The Motion Picture,Prince,,,,,1
Cinema,Yes,90125 (Deluxe Version),1983-06-01,33.0,127986.0,1
I Feel for You,Chaka Khan,I Feel for You,1984,57.0,343400.0,1
Caribbean Queen (No More Love On the Run),Billy Ocean,The Very Best of Billy Ocean,2010-04-26,66.0,244426.0,1
Yah Mo B There,James Ingram,It's Your Night,1983-01-01,50.0,279413.0,1
Sound System,Herbie Hancock,Sound System,1984-08-20,6.0,355026.0,1
I Feel It,Nando Fortunato,I Want You,2022-09-09,3.0,300000.0,1
The First Circle,Pat Metheny Group,First Circle,1984-10-01,30.0,551973.0,1
In My Dreams,Emmylou Harris,White Shoes,1983-01-01,27.0,197600.0,1
That's the Way Love Goes,Merle Haggard,The Essential Merle Haggard: The Epic Years,1981,48.0,181426.0,1
Mama He's Crazy,nan,,,,,1
Wheel Hoss,Ricky Skaggs,16 Biggest Hits,1980-01-01,7.0,196560.0,1
City Of New Orleans,nan,,,,,1
Hark! The Herald Angels Sing,Amy Grant,A Christmas Album,1983,42.0,175386.0,1
Michael W. Smith Sharing - Live,Michael W. Smith,A New Hallelujah,2008-10-24,17.0,104320.0,1
Keep the Flame Burning,Debby Boone,Morningstar,2013-09-24,7.0,282560.0,1
Sailin' On the Sea of Your Love,Shirley Caesar,Sailin',1984-06-30,13.0,249733.0,1
Always Remember,Andrae Crouch,,,,,1
Sailin' On the Sea of Your Love,Shirley Caesar,Sailin',1984-06-30,13.0,249733.0,1
Forgive Me - 2014 Remaster,Donna Summer,Cats Without Claws (Re-Mastered & Expanded),1984-09-11,3.0,270506.0,1
Always In My Heart (Siempre En Mi Corazon),Placido Domingo,,,,,1
Palo Pa' Rumba,Eddie Palmieri,Palo pá Rumba,1984-12-31,21.0,458734.0,1
Me Gustas Tal Como Eres,Luis Miguel,El Idolo De Mexico,1992-06-19,27.0,193352.0,1
Blues Explosion,John Hammond,,,,,1
"Elizabeth Story, Et Al. / Honey Babe, Your Papa Cares for You",Elizabeth Cotten,Live!,1998-01-01,10.0,476173.0,1
Anthem (Living Dread) - Live,Black Uhuru,"The Barn, Maple Hill Farm, Sep 23, 2018 (Live)",2019-12-15,3.0,132000.0,1
Where the sidewalk ends(Jai ke Piadero tamoom mishe),Shel Silverstein,Me & My giant Friend(Man o Dust-e-Ghoolam),2010-10-03,0.0,260133.0,1
Eat It,"""Weird Al"" Yankovic","The Essential ""Weird Al"" Yankovic",2009,44.0,200626.0,1
The Words Of Gandhi,Ben Kingsley,,,,,1
Into the Natural Beach of Peace and Super Dreams,Nano Sounds,1 Ocean Waves Love,2022-04-13,0.0,98000.0,1
Olympic Fanfare & Theme,nan,,,,,1
Purple Rain,nan,,,,,1
Sunday In The Park With George,nan,,,,,1
"Arnold Layne (feat. David Bowie) - Live From The Royal Albert Hall, May 2006",David Gilmour,Arnold Layne,2006-12-26,13.0,210480.0,1
Making Michael Jackson's Thriller,Michael Jackson,,,,,1
Ain't Got Nothing But The Blues,Joe Williams,Every Day: The Best Of The Verve Years,1993-11-16,0.0,417466.0,1
Hot House Flowers,nan,,,,,1
New York Scene,Art Blakey,,,,,1
88 Basie Street,Count Basie,88 Basie Street,1984-01-01,7.0,286733.0,1
Grace (Gymnastics Theme),nan,,,,,1
Hard Habit To Break,nan,,,,,1
Amante automático - Automatic Lover,Nancys Rubias,Una cita con Nancys Rubias,2009-01-13,3.0,211333.0,1
She's So Unusual,nan,,,,,1
Big Band Jazz,nan,,,,,1
Big Band Jazz,nan,,,,,1
Mehr als beste Freunde - Teil 17,Hanni und Nanni,Mehr als beste Freunde - Das Original-Hörspiel zum Kinofilm,2017-05-26,20.0,105573.0,1
David Foster,nan,,,,,1
James Anthony Carmichael & Lionel Richie,nan,,,,,1
Amadeus,nan,,,,,1
Prokofiev: Symphony No. 5 In B Flat,nan,,,,,1
Bizet: Carmen,nan,,,,,1
Brahms: A German Requiem,nan,,,,,1
"Wynton Marsalis-Edita Gruberova-Handel, Purcell, Etc,",nan,,,,,1
Bach: The Unaccompanied Cello Suites,nan,,,,,1
Beethoven: The Late String Quartets,nan,,,,,1
Ravel: Songs Of Maurice Ravel,nan,,,,,1
Barber: Antony And Cleopatra,nan,,,,,1
"Prokofiev: Symphony No. 5 In B Flat, Op. 100",nan,,,,,1
Steven Epstein,nan,,,,,1
The Heart Of Rock & Roll - Single Edit,Huey Lewis & The News,Retro Songs Vol 11,2023-02-21,0.0,245746.0,0
Hard Habit To Break (Single),Chicago,,,,,0
Girls Just Want To Have Fun (Single),Cyndi Lauper,,,,,0
Dancing In The Dark (Single),Bruce Springsteen,,,,,0
She's So Unusual (Album),Cyndi Lauper,,,,,0
Purple Rain - Music From The Motion Picture (Album),Prince,,,,,0
Private Dancer,Tina Turner,The Big BBQ Album,2023-02-03,0.0,434373.0,0
Born In The U.S.A. (Album),Bruce Springsteen,,,,,0
Time After Time (Single),nan,,,,,0
I Just Called To Say I Love You (Single),nan,,,,,0
Hello (Single),nan,,,,,0
Against All Odds (Take A Look At Me Now) (Single),nan,,,,,0
The Judds,nan,,,,,0
Corey Hart,nan,,,,,0
Frankie Goes To Hollywood,nan,,,,,0
Sheila,Aunt Nancy,"Jesters, Fools And Dreamers",2017-09-29,0.0,244924.0,0
The Glamorous Life (Re-Recorded),Sheila E.,The Glamorous Life (Re-Recorded) - Single,2013-03-01,12.0,219261.0,0
Strut - 1993 Remastered Version,Sheena Easton,The World Of Sheena Easton - The Singles,1993-06-07,15.0,242720.0,0
Let's Hear It For The Boy (Single),Deniece Williams,,,,,0
Girls Just Want To Have Fun (Single),Cyndi Lauper,,,,,0
Missing You,John Waite,Singles,2022-07-27,6.0,257972.0,0
I Just Called To Say I Love You - Single Version,Stevie Wonder,Love songs eighties,2023-02-13,0.0,260613.0,0
Hello (Single),Lionel Richie,,,,,0
Footloose (Single),Kenny Loggins,,,,,0
Wake Me Up Before You Go-Go (Single),nan,,,,,0
Owner Of A Lonely Heart (Single),Yes,,,,,0
Hard Habit To Break (Single),Chicago,,,,,0
Drive (Single),nan,,,,,0
The Natural (Album),Randy Newman,,,,,0
Nightsongs (Album),Earl Klugh,,,,,0
Jump (For My Love) (Instrumental) (Single),Howie Rice,,,,,0
I Just Called To Say I Love You (Instrumental) (Single),Stevie Wonder,,,,,0
Wow (Album),Wendy O. Williams,,,,,0
Rock It Out (Single),Pia Zadora,,,,,0
Here She Comes - Single Version,Bonnie Tyler,The Very Best of Bonnie Tyler,2009-03-26,30.0,204438.0,0
Dancin' On The Edge (Album),Lita Ford,,,,,0
Restless (Track),Elton John,,,,,0
Rebel Yell (Single),Billy Idol,,,,,0
Pink Houses (Single),John Cougar Mellencamp,,,,,0
Blue Jean (Single),David Bowie,,,,,0
Jump (Single),Van Halen,,,,,0
Heartbeat City (Album),nan,,,,,0
Genesis (Album),Genesis,,,,,0
90125 (Album),Yes,,,,,0
Voodoo Chile (Slight Return) (Track),Stevie Ray Vaughan,,,,,0
Vibramatic (Single),Lionel Hampton,,,,,0
Second Home By The Sea (Track),Genesis,,,,,0
Donut City (Track),Edward Van Halen,,,,,0
Patti Austin (Album),Patti Austin,,,,,0
Let's Stay Together - Single Version,Tina Turner,Simply the Best,1991-01-01,35.0,219506.0,0
Let's Hear It For The Boy (Album),Deniece Williams,,,,,0
Let the Music Play (Re-Recorded),Shannon,#1 '80s Album Ever,2012-05-01,1.0,361306.0,0
The Woman In Red (Track),Stevie Wonder,,,,,0
It's Your Night (Album),James Ingram,,,,,0
In The Name Of Love (Track),nan,,,,,0
Don't Stop (Album),Jeffrey Osborne,,,,,0
The Last Time I Made Love (Single),Joyce Kennedy,,,,,0
Tell Me I'm Not Dreamin' (Too Good To Be True) (Track),Jermaine Jackson,,,,,0
Edgartown Groove (Track),Kashif,,,,,0
Dancing In The Sheets (Single),Shalamar,,,,,0
Time Exposure (Track),Stanley Clarke,,,,,0
Shortberry Strawcake (Track),Sheila E.,,,,,0
Inside Moves (Album),Grover Washington Jr.,,,,,0
Ghetto Blaster (Album),Crusaders,,,,,0
Yah Mo B There (Single),nan,,,,,0
The Glamorous Life (Single),nan,,,,,0
Dancing In The Sheets (Single),nan,,,,,0
Caribbean Queen (No More Love On The Run) (Single),nan,,,,,0
Wishful Thinking (Album),Earl Klugh,,,,,0
Decoy (Album),Miles Davis,,,,,0
Backstreet (Album),David Sanborn,,,,,0
Access All Areas (Album),Spyro Gyra,,,,,0
Your Heart's Not In It (Single),Janie Fricke,,,,,0
The Sound Of Goodbye (Single),Crystal Gayle,,,,,0
Tennessee Homesick Blues (Single),Dolly Parton,,,,,0
Heart Over Mind (Album),Anne Murray,,,,,0
God Bless The U.S.A. (Single),Lee Greenwood,,,,,0
Country Boy (Album),Ricky Skaggs,,,,,0
City Of New Orleans (Single),Willie Nelson,,,,,0
All My Rowdy Friends Are Coming Over Tonight (Single),Hank Williams Jr.,,,,,0
To Me (Single),Barbara Mandrell,,,,,0
Nobody Loves Me Like You Do (Single),Anne Murray,,,,,0
If You're Gonna Play In Texas (You Gotta Have A Fiddle In The Band) (Single),Alabama,,,,,0
As Time Goes By (Track),Willie Nelson,,,,,0
Twin Sisters (Track),Doc Watson,,,,,0
Move It On Over (Track),nan,,,,,0
East Tennessee Christmas (Album),Chet Atkins,,,,,0
Cotton-Eyed Joe (Single),nan,,,,,0
Mama He's Crazy (Single),nan,,,,,0
God Bless The U.S.A. (Single),nan,,,,,0
Faithless Love,nan,,,,,0
All My Rowdy Friends Are Coming Over Tonight (Single),nan,,,,,0
Surrender (Album),Debby Boone,,,,,0
Songs From The Heart (Album),Sandi Patti,,,,,0
Look Who Loves You Now (Album),Michele Pillar,,,,,0
Heart And Soul (Album),Kathy Troccoli,,,,,0
Meltdown (At Madame Tussaud's) - Now The Truth Can Be Told Album Version,Steve Taylor,Now The Truth Can Be Told,1994-01-01,5.0,267333.0,0
J.E.S.U.S. (Track),Leon Patillo,,,,,0
I'm Walkin' (Album),Bob Bailey,,,,,0
Celebrate Freedom (Album),Phil Driscoll,,,,,0
Grave Robber - Not Of This World Album Version,Petra,The Ultimate Collection,2006-01-01,14.0,256839.0,0
New Point Of View (Album),nan,,,,,0
Love's Not A Feeling (Track),Steve Camp,,,,,0
Live Forever (Album),Mylon LeFevre,,,,,0
Unmistakably Danniebelle (Album),Danniebelle Hall,,,,,0
The Impossible Dream (Album),Albertina Walker,,,,,0
"Oh, It Is Jesus (Track)",Tata Vega,,,,,0
"Jesus, Come Lay Your Head On Me (Track)",Kristle Edwards,,,,,0
Willing (Album),Mel Carter,,,,,0
Trust In God (Album),Al Green,,,,,0
The Prayer (Track),James Cleveland,,,,,0
Sanctuary - It Is No Secret Album Version,Jessy Dixon,It Is No Secret,2005-01-01,0.0,273680.0,0
Rejoice (Track),Shirley Caesar,,,,,0
Psalm 8,The Richard Smallwood Singers,Psalms,2022-02-24,1.0,327000.0,0
Lord Lift Us Up (Album),Cece Winans,,,,,0
Angels Will Be Singing (Album),nan,,,,,0
Whiter Than Snow (Track),Deniece Williams,,,,,0
What I Believe (Album),Pat Boone,,,,,0
The Wonders Of His Love (Album),Philip Bailey,,,,,0
All Because Of You (Album),Lisa Whelchel,,,,,0
Secretos (Album),Jose Jose,,,,,0
Maria Conchita (Album),Maria Conchita,,,,,0
Invitame (Album),Johnny,,,,,0
Evolucion (Album),Menudo,,,,,0
Como Tu Quieres (Album),Jose Feliciano,,,,,0
"Y Ahora! \""Conniff\"" (Album)",Los Socios Del Ritmo,,,,,0
Criollo (Album),Willie Colon,,,,,0
Buscando America (Album),Rubén Blades,,,,,0
Breaking The Ice (Album),El Gran Combo de Puerto Rico,,,,,0
Bien Sabroso,Poncho Sanchez,The Concord Jazz Heritage Series,1998-01-01,14.0,244533.0,0
Un Amor Especial (Album),Yolanda Del Rio,,,,,0
Recuerdos II (Album),Juan Gabriel,,,,,0
Eternamente Tuyo (Album),Raphael,,,,,0
Concavo Y Convexo (Track),Roberto Carlos,,,,,0
You've Got Me Loving You (Album),Bobby Bland,,,,,0
Kansas City Here I Come (Album),Joe Turner,,,,,0
"I'm In A Phone Booth, Baby (Album)",Albert King,,,,,0
Guitar Slinger (Album),Johnny Winter,,,,,0
Open Road (Album),Boys Of The Lough,,,,,0
On A Saturday Night (Album),Queen Ida,,,,,0
Good Rockin' (Album),Rockin' Dopsie,,,,,0
100% Fortified Zydeco,Buckwheat Zydeco,,,,,0
Reggae Night (Single),Jimmy Cliff,,,,,0
King Yellowman (Album),Yellowman,,,,,0
Captured Live (Album),Peter Tosh,,,,,0
Steppin' Out (Single),Steel Pulse,,,,,0
The Muppets Take Manhattan - The Original Sound (Album),nan,,,,,0
Kids Praise 4 (Album),nan,,,,,0
Jim Henson's Muppets Present Fraggle Rock (Album),nan,,,,,0
Flashbeagle (Album),nan,,,,,0
Agapeland At Play With Holly Heart (Album),nan,,,,,0
The 3 Faces Of Al (Nick Danger) (Album),Firesign Theatre,,,,,0
Rappin' Rodney (Single),Rodney Dangerfield,,,,,0
Hurt Me Baby - Make Me Write Bad Checks! (Album),Rick Dees,,,,,0
Here And Now (Album),Richard Pryor,,,,,0
Our Time Has Come (Album),Jesse Jackson,,,,,0
The Story Of Indiana Jones And The Temple Of Doom (Dialogue And Music From The Original Motion Picture Soundtrack With Narration) (Album),nan,,,,,0
The Real Thing (Original Cast Recording),Jeremy Irons,,,,,0
Heart Play (Unfinished Dialogue) (Album),John Lennon,,,,,0
The A-Team (Single),nan,,,,,0
Hot House Flowers (Track),nan,,,,,0
Ghostbusters (Main Title Theme) (Track),nan,,,,,0
Yentl,nan,,,,,0
Ghostbusters (Album),nan,,,,,0
Footloose (Album),nan,,,,,0
Against All Odds (Album),nan,,,,,0
Sugar Babies (Album),nan,,,,,0
My One And Only (Album),nan,,,,,0
Doonesbury (Album),nan,,,,,0
A Stephen Sondheim Evening,nan,,,,,0
Twist Of Fate (Video),Olivia Newton-John,,,,,0
Thomas Dolby (Video),Thomas Dolby,,,,,0
Rubber Rodeo Scenic Views (Video),Rubber Rodeo,,,,,0
Phil Collins (Video),Phil Collins,,,,,0
Ashford And Simpson (Video),nan,,,,,0
We're All Devo (Video),Devo,,,,,0
Serious Moonlight (Video),David Bowie,,,,,0
Heartbeat City,nan,,,,,0
Eurythmics Sweet Dreams (The Video Album) (Video),nan,,,,,0
Billy Joel Live From Long Island (Video),Billy Joel,,,,,0
You're Lookin' At Me (Album),Carmen McRae,,,,,0
Ridin' High (Album),Sue Raney,,,,,0
Harlem Butterfly (Album),Lorez Alexandria,,,,,0
An Evening At Charlie's,Mel Tormé,,,,,0
Thelonica (Album),nan,,,,,0
Quietly There (Album),nan,,,,,0
Live At Fat Tuesday's (Album),nan,,,,,0
Ira Sullivan... Does It All (Album),nan,,,,,0
Whose Woods Are These? (Album),Clare Fischer,,,,,0
Two For The Blues (Album),Frank Foster,,,,,0
Piper At The Gates Of Dawn (Album),Phil Woods,,,,,0
Dameronia: Look Stop Listen (Album),Philly Joe Jones,,,,,0
World Class (Album),nan,,,,,0
Ten Gallon Shuffle (Album),nan,,,,,0
Misterioso (Track),nan,,,,,0
Magic Time (Album),nan,,,,,0
Waltz For Debbie (Track),nan,,,,,0
Stardust (Track),nan,,,,,0
"Cameo For Flute... \""For james\"" (Track)",nan,,,,,0
Brothers On Wheels (Track),nan,,,,,0
"Papa, Can You Hear Me?",nan,,,,,0
Mulu The Rain Forest (Track),nan,,,,,0
I Feel For You (Track),nan,,,,,0
Gravity's Angel (Track),nan,,,,,0
What About Me? (Track),nan,,,,,0
Leave It (Single),nan,,,,,0
Helter Skelter (Track),nan,,,,,0
Hard Habit To Break (Track),nan,,,,,0
Willie Nelson (Album),nan,,,,,0
No Brakes (Album),nan,,,,,0
Every Man Has A Woman (Album),nan,,,,,0
Bewitched (Album),nan,,,,,0
Virginia Traditions/Virginia Work Songs (Field Recordings 1936-1980) (Album),nan,,,,,0
An Anthology Of Sacred Carols For Classical Guitar (Album),nan,,,,,0
Amadeus (Original Soundtrack Recording) (Album),nan,,,,,0
A Golden Celebration (Album),nan,,,,,0
Worlds First Entertainment Recordings 1889-1896 (Album),nan,,,,,0
History Speaks: Franklin Delano Roosevelt (Album),nan,,,,,0
Cotton Club Stars (Album),nan,,,,,0
A Golden Celebration (Album),nan,,,,,0
Into The Gap (Album),nan,,,,,0
Heartbeat City (Album),nan,,,,,0
Can't Slow Down (Album),nan,,,,,0
Aerial Boundaries (Album),nan,,,,,0
"Prince And The Revolution (Mark Brown, Lisa Coleman, Matt Fink, Wendy Melvoin, Prince, Bobby Z.) (producers)",nan,,,,,0
Michael Omartian (producer),nan,,,,,0
"Cars (Elliot Easton, Greg Hawkes, Ric Ocasek, Benjamin Orr, David Robinson), Robert John \""Mutt\"" Lange (producers)",nan,,,,,0
"Wynton Marsalis-Edita Gruberova - Handel, Purcell, Torelli, Fasch, Molter (Album)",nan,,,,,0
"Prokofiev: Symphony No. 5 In B Flat, Op. 100 (Album)",nan,,,,,0
Brahms: A German Requiem (Album),nan,,,,,0
Beethoven: The 5 Piano Concertos (Album),nan,,,,,0
"Schubert: Symphony No. 9 In C (\""The Great\"") (Album)",nan,,,,,0
Mahler: Symphony No. 4 In G Major (Album),nan,,,,,0
Gould: Burchfield Gallery And Apple Watzes (Album),nan,,,,,0
"Berlioz: Symphonie Fantastique, Op. 14 (Album)",nan,,,,,0
Amadeus (Original Soundtrack) (Album),nan,,,,,0
Verdi: Ernani (Album),nan,,,,,0
Mozart: Don Giovanni (Album),nan,,,,,0
Janácek: Jenufa,nan,,,,,0
Britten: The Turn Of The Screw (Album),nan,,,,,0
"Prokofiev: Alexander Nevsky, Op.78 (Album)",nan,,,,,0
Orff: Carmina Burana (Album),nan,,,,,0
Mozart: Requiem (Album),nan,,,,,0
Britten: War Requiem (Album),nan,,,,,0
"Wieniawski: Violin Concerto No. 2 In D Minor, Op. 22/ Saint-Saens: Violin Concerto No. 3 In B Minor, Op. 61 (Album)",nan,,,,,0
Rodrigo: Concierto De Aranjuez/Invocation And Dance/Three Spanish Pieces (Music Of Spain Vol. 8) (Album),nan,,,,,0
Brahms: Piano Concerto No. 1 In D Minor (Album),nan,,,,,0
Beethoven: The 5 Piano Concertos (Album),nan,,,,,0
"Schubert: Piano Sonata In B Flat, Major D. 960 (Album)",nan,,,,,0
"R. Strauss: Glenn Gould Plays Strauss (Sonata; Five Pieces, Op. 3) (Album)",nan,,,,,0
"Music Of Spain, Vol. 7 \""A Celebration Of Andres Segovia\"" (Album)",nan,,,,,0
"Beethoven: Piano Sonata No. 29 In B Flat, Op. 106 \""Hammerklavier\"" (Album)",nan,,,,,0
"Mozart: Violin Sonatas K.301,302,303,304 (Album)",nan,,,,,0
Corea: Lyric Suite For Sextet (Album),nan,,,,,0
Brahms: The String Quintets In F And G (Album),nan,,,,,0
"Brahms: Piano Quintet In F Minor, Op.34 (Album)",nan,,,,,0
Mahler: Symphony No. 4 In G Major-4th Movement (Track),nan,,,,,0
"Mahler: Symphony No. 2 In C Minor (\""Resurrection\"") (Album)",nan,,,,,0
Mahler's Songs Of Youth (Album),nan,,,,,0
Brahms: Songs Of Brahms (Album),nan,,,,,0
Winter Cantata,nan,,,,,0
The Perfect Stranger (Album),nan,,,,,0
Magabunda (Four Poems Of Agueda Pizzaro) (Album),nan,,,,,0
Apple Waltzes (Album),nan,,,,,0
"Wynton Marsalis-Edita Gruberova, Handel, Purcell, Torelli, Fasch, Molter (Album)",nan,,,,,0
Mahler: Symphony No. 4 In G Major (Album),nan,,,,,0
Brahms: Piano Concerto No. 1 In D Minor (Album),nan,,,,,0
Brahms: A German Requiem (Album),nan,,,,,0
Robert Woods,nan,,,,,0
Thomas Z. Shepard,nan,,,,,0
Jay David Saks,nan,,,,,0
Marc Aubort & Joanna Nickrenz,nan,,,,,0
Beat It,Michael Jackson,Thriller 25 Super Deluxe Edition,2008-02-08,75.0,258040.0,1
Thriller,Michael Jackson,Thriller 25 Super Deluxe Edition,2008-02-08,66.0,357266.0,1
Every Breath You Take,Nando Espinosa,"Best Instrumental Rock, Vol. 2",2021-12-30,0.0,250909.0,1
Culture Club,nan,,,,,1
Flashdance...What a Feeling - Radio Edit,Irene Cara,What a Feelin',1983-11-02,71.0,237053.0,1
Thriller,Michael Jackson,Thriller 25 Super Deluxe Edition,2008-02-08,66.0,357266.0,1
Every Breath You Take,Nando Espinosa,"Best Instrumental Rock, Vol. 2",2021-12-30,0.0,250909.0,1
Being with You,George Benson,In Your Eyes,1983-05-18,24.0,234800.0,1
Love Is A Battlefield,Pat Benatar,The Collection,2001-01-01,62.0,245400.0,1
Beat It,Michael Jackson,Thriller 25 Super Deluxe Edition,2008-02-08,75.0,258040.0,1
Synchronicity,Nanoshrine,Sunsets,2017-08-04,0.0,226083.0,1
Brimstone And Treacle,Sting,,,,,1
Chaka Khan,Chaka Khan,,,,,1
Billie Jean,Michael Jackson,Thriller 25 Super Deluxe Edition,2008-02-08,78.0,293826.0,1
Ain't Nobody,Rufus,,,,,1
Rockit,Herbie Hancock,Future Shock,1983,46.0,325133.0,1
Billie Jean,Nanii2x,Billie Jean,2022-12-21,0.0,116516.0,1
Travels - Live,Pat Metheny Group,Travels,1983-05-02,27.0,303226.0,1
A Little Good News,Anne Murray,Anne Murray The Best Of...So Far - 20 Greatest Hits,1994-01-01,34.0,188306.0,1
I.O.U.,Lee Greenwood,Somebody's Gonna Love You,1983-01-01,36.0,189000.0,1
The Closer You Get,Alabama,The Closer You Get...,1983,45.0,271866.0,1
Fireball,nan,,,,,1
Stranger In My House,nan,,,,,1
Ageless - Medley,Amy Grant,The Collection,1986,14.0,369440.0,1
Walls of Glass,Russ Taff,Walls of Glass,1983-08-28,14.0,239760.0,1
More Than Wonderful,Sandi Patty,The Finest Moments,1989-11-06,29.0,366840.0,1
We Need to Hear from You,Sandra Crouch,Classic Gold: We Sing Praises,2003-03-18,10.0,236186.0,1
I'll Rise Again,Al Green,,,,,1
I'm So Glad I'm Standing Here Today,Barbara Mandrell,,,,,1
He's A Rebel,Donna Summer,She Works Hard For The Money,1983-01-01,12.0,264373.0,1
De Tí Me Enamoré,José Feliciano,Lo Mejor de José Feliciano,2021-03-09,10.0,234866.0,1
On Broadway,Tito Puente & His Latin Ensemble,Party With Puente!,2000-01-01,5.0,486039.0,1
Anselma,Los Lobos,...And A Time To Dance,1983,20.0,191400.0,1
Inflation Blues,B.B. King,Blues 'N' Jazz,1983-01-01,14.0,254573.0,1
I'm Here,Clifton Chenier,,,,,1
E.T. The Extra-Terrestrial,Michael Jackson,,,,,1
Eddie Murphy: Comedian,Eddie Murphy,,,,,1
Copland: A Lincoln Portrait,William Warfield,,,,,1
Love Theme From Flashdance,nan,,,,,1
Flashdance,nan,,,,,1
Cats (Complete Original Broadway Cast Recording),nan,,,,,1
Girls On Film/Hungry Like The Wolf,Duran Duran,,,,,1
Pasito Duranguense,Montez de Durango,El Sube Y Baja,2002-01-04,48.0,200213.0,1
The Best Is Yet To Come,Ella Fitzgerald,The Best Is Yet To Come,1982,8.0,319760.0,1
Top Drawer,Mel Tormé,,,,,1
why not,my nan's music,no.,2020-02-05,0.0,145392.0,1
Think Of Sky,The Noise Nannies,Chill: Peaceful Days Vol. 1,2023-02-16,0.0,120000.0,1
At The Vanguard,nan,,,,,1
All In Good Time,Rob McConnell,,,,,1
Summer Sketches '82,nan,,,,,1
What Are You Doing New Year's Eve?,Nancy Wilson,"Yesterday's Love Songs, Today's Blues (Expanded Edition)",1963,37.0,146200.0,1
Be Bop Medley,nan,,,,,1
Speaking In Tongues,nan,,,,,1
The Interplay Sessions,nan,,,,,1
"The Greatest Recordings Of Arturo Toscanini - Symphonies, Vol. I",nan,,,,,1
Thriller,Nando Espinosa,Generic Complex,2022-11-22,0.0,300923.0,1
Michael Jackson & Quincy Jones,nan,,,,,1
Mahler: Symphony No. 9 In D,nan,,,,,1
Mahler: Symphony No. 9 In D,nan,,,,,1
Verdi: La Traviata,nan,,,,,1
Mozart: Le Nozze Di Figaro,nan,,,,,1
Haydn: The Creation,nan,,,,,1
"Brahms: Sonata For Cello And Piano In E Minor, Op. 38 And Sonata In F, Op. 99",nan,,,,,1
Haydn: Trumpet Concerto In E Flat/L. Mozart: Trumpet  Concerto In D/Hummel: Trumpet Concerto In E Flat,nan,,,,,1
Beethoven: Piano Sonatas Nos. 12 & 13,nan,,,,,1
Leontyne Price & Marilyn Horne In Concert At The Met,nan,,,,,1
Mahler: Symphony No. 9 In D,nan,,,,,1
Marc Aubort & Joanna Nickrenz,nan,,,,,1
Maniac (Single),Michael Sembello,,,,,0
Flashdance...What A Feeling,Irene Cara,Flashdance..What A Feeling - Single,2009-12-21,30.0,246746.0,0
Every Breath You Take (Single),nan,,,,,0
All Night Long - Single Version,Lionel Richie,Back To Front,1992-01-01,58.0,260493.0,0
Flashdance (Original Soundtrack From The Motion Picture),nan,,,,,0
Synchronicity (Album),nan,,,,,0
Let's Dance,David Bowie Tribute Band,World's Greatest 80's Disco - The Only 80's Disco Album You'll Ever Need (Deluxe Version),2010-03-22,0.0,257306.0,0
An Innocent Man (Album),Billy Joel,,,,,0
Maniac (Single),nan,,,,,0
Billie Jean (Single),nan,,,,,0
Beat It (Single),nan,,,,,0
All Night Long (All Night) (Single),nan,,,,,0
The Eurythmics,nan,,,,,0
Big Country,nan,,,,,0
Musical Youth,nan,,,,,0
Men Without Hats,nan,,,,,0
What's New?,Linda Ronstadt,The 80's Studio Album Collection,2014-04-14,2.0,237960.0,0
Total Eclipse Of The Heart (Single),Bonnie Tyler,,,,,0
Telefone (Long Distance Love Affair) - 1993 Remastered Version,Sheena Easton,The World Of Sheena Easton - The Singles,1993-06-07,11.0,223533.0,0
She Works Hard For The Money - Single Version,Donna Summer,Summer: The Original Hits,2018-04-20,33.0,273906.0,0
Uptown Girl (Track),Billy Joel,,,,,0
Maniac (Single),Michael Sembello,,,,,0
All Night Long - Single Version,Lionel Richie,Back To Front,1992-01-01,58.0,260493.0,0
1999 (Album),Prince,,,,,0
The Girl Is Mine (Single),Michael Jackson,,,,,0
Islands In The Stream (Single),Dolly Parton,,,,,0
How Do You Keep The Music Playing (Single),James Ingram,,,,,0
Do You Really Want To Hurt Me (Single),Culture Club,,,,,0
Love Theme From Flashdance (Track),Helen St. John,,,,,0
Precious Friends,Nanamori-Chu☆Goraku-Bu,Yuruyuri♪♪ 1st. Series Best Album Yuruyu Rhythm♪,2018-03-16,3.0,282786.0,0
Breakdown (Track),Joe Jackson,,,,,0
Blow Your Own Horn (Album),Herb Alpert,,,,,0
The Key (Album),Joan Armatrading,,,,,0
Stand Back (Single),Stevie Nicks,,,,,0
Invisible Hands (Single),Kim Carnes,,,,,0
Faster Than The Speed Of Night (Album),Bonnie Tyler,,,,,0
The Distance (Album),Bob Seger,,,,,0
I Don't Care Anymore (Track),Phil Collins,,,,,0
Cat People (Putting Out Fire) (Track),David Bowie,,,,,0
Affair Of The Heart (Single),Rick Springfield,,,,,0
In A Big Country (Single),Big Country,,,,,0
Heart And Soul (Single),Huey Lewis,,,,,0
Eliminator (Album),ZZ Top,,,,,0
Burning Down The House (Single),Talking Heads,,,,,0
Unused Piano: Quadrophenia (Track),Pete Townshend,,,,,0
Rude Mood (Track),Stevie Ray Vaughan,,,,,0
Road Games (Instrumental Tracks Only) (Track),nan,,,,,0
Anybody There (Single),Rainbow,,,,,0
The Best Is Yet To Come (Track),Patti LaBelle,,,,,0
Merciless (Album),Stephanie Mills,,,,,0
I'm So Proud (Album),Deniece Williams,,,,,0
Get It Right (Album),Aretha Franklin,,,,,0
Feel My Soul (Album),Jennifer Holliday,,,,,0
Stay With Me Tonight,Jeffrey Osborne,Stay With Me Tonight,1983-01-01,37.0,298533.0,0
Party Animal (Single),James Ingram,,,,,0
Midnight Love (Album),Marvin Gaye,,,,,0
International Lover (Track),Prince,,,,,0
It's Raining Men (Single),nan,,,,,0
Love Me In A Special Way - Instrumental,DeBarge,Time Will Reveal: The Complete Motown Albums,2011-09-20,7.0,298826.0,0
Fall In Love With Me,nan,,,,,0
Dead Giveaway (Single),Shalamar,,,,,0
Where Are We Going? (Track),nan,,,,,0
Today (Track),James Brown,,,,,0
The Mood (Track),Kashif,,,,,0
Billie Jean (Instrumental Version) (Single),Quincy Jones,,,,,0
Wanna Be Startin' Somethin' (Single),nan,,,,,0
P.Y.T. (Pretty Young Thing) (Single),nan,,,,,0
Electric Avenue,Nando Espinosa,All Mixed Rock Pop Heavy,2022-08-23,0.0,228292.0,0
Ain't Nobody,nan,,,,,0
Star People (Album),Miles Davis,,,,,0
Procession (Album),Weather Report,,,,,0
Mirage A Trois (Album),Yellowjackets,,,,,0
City Kids (Album),Spyro Gyra,,,,,0
Last Date (Album),Emmylou Harris,,,,,0
Burlap And Satin (Album),Dolly Parton,,,,,0
Baby What About You (Single),Crystal Gayle,,,,,0
Baby I Lied (Single),Deborah Allen,,,,,0
Stranger In My House (Single),Ronnie Milsap,,,,,0
If You're Gonna Do Me Wrong (Do It Right) (Single),Vern Gosdin,,,,,0
Holding Her And Loving You (Single),Earl Thomas Conley,,,,,0
Born To Love Me (Single),Ray Charles,,,,,0
All My Life (Single),Kenny Rogers,,,,,0
Take It To The Limit (Album),Willie Nelson,,,,,0
Pancho and Lefty,Merle Haggard,The Essential Merle Haggard: The Epic Years,1981,56.0,287626.0,0
Houston Means I'm One Day Closer to You,Larry Gatlin & The Gatlin Brothers,Snapshot: Larry Gatlin & The Gatlin Brothers,2015-03-10,25.0,184453.0,0
American Made (Album),nan,,,,,0
Wildwood Flower (Single),Roy Clark,,,,,0
Tara Theme (Track),Chet Atkins,,,,,0
Roller Coaster (Track),Earl Scruggs,,,,,0
Doc And Merle Watson's Guitar Album (Album),Merle Watson,,,,,0
Classic Country I (Track),nan,,,,,0
Lady Down On Love (Single),nan,,,,,0
I.O.U. (Single),nan,,,,,0
Baby I Lied (Single),nan,,,,,0
A Little Good News (Single),nan,,,,,0
War Of Love (Album),Sheila Walsh,,,,,0
The Gift Goes On (Album),Sandi Patti,,,,,0
He Rolled Away The Stone - Reign On Me Album Version,Michele Pillar,Reign On Me,1983-01-01,9.0,272488.0,0
Come Celebrate Jesus (Track),Cynthia Clawson,,,,,0
Michael W. Smith Project (Album),Michael W. Smith,,,,,0
I Put Away My Idols (Album),Dion,,,,,0
I Exalt Thee (Album),Phil Driscoll,,,,,0
Chariots Of Fire (Album),Dino,,,,,0
Right by Your Side,Nanami Ozone,Desire,2016-05-06,9.0,244453.0,0
No Other Name But Jesus (Track),nan,,,,,0
More (Album),Mylon LeFevre,,,,,0
White Heart (Album),White Heart,,,,,0
"Masters V Featuring: Hovie Lister, J.D. Sumner, James Blackwood, Jake Hess, Shaun Neilsen (Album)",Masters V,,,,,0
Peace Be Still (Album),Vanessa Bell Armstrong,,,,,0
Make Me An Instrument (Album),Candi Staton,,,,,0
"Jesus, I Love Calling Your Name (Album)",Shirley Caesar,,,,,0
God Is Able To Carry You Through (Album),Albertina Walker,,,,,0
Determined (Album),Tramaine Hawkins,,,,,0
"Take My Hand, Precious Lord (Track)",Thomas A. Dorsey,,,,,0
"Precious Lord, Take My Hand (Track)",Solomon Burke,,,,,0
Longtime Friends (Album),Morris Chapman,,,,,0
Cornerstone (Track),Leon Patillo,,,,,0
Sincerely (Album),nan,,,,,0
Long Time Comin' (Album),nan,,,,,0
He's Worthy (Track),Andrae Crouch,,,,,0
Glad I Heard Your Voice (Track),Andrae Crouch,,,,,0
Precious Lord (Track),Linda Hopkins,,,,,0
Peace In The Valley (Album),B.J. Thomas,,,,,0
Noel! Noel! (Album),Leontyne Price,,,,,0
I've Come Back (To Say I Love You One More Time) (Track),Cristy Lane,,,,,0
Ven (Album),Jose Luis Rodriguez,,,,,0
Una Aventura Llamada Menudo (Album),Menudo,,,,,0
Lani (Album),Lani Hall,,,,,0
Besame Mucho (Track),Placido Domingo,,,,,0
Tremendo Trio (Album),Ray Barretto,,,,,0
Mongo Magic (Album),Mongo Santamaria,,,,,0
El Que La Hace La Paga (Album),Rubén Blades,,,,,0
Corazon Guerrero (Album),Willie Colon,,,,,0
Yo Te Necesito,Los Bukis,Yo Te Necesito,1984-01-01,65.0,178240.0,0
Todo (Album),Juan Gabriel,,,,,0
Es La Diferencia (Album),Vicente Fernandez,,,,,0
A Cambio De Qui (Track),Chelo,,,,,0
Texas Flood,Stevie Ray Vaughan,Texas Flood (Legacy Edition),1983,54.0,320906.0,0
San Francisco '83 (Album),Albert King,,,,,0
One More Mile (Album),"Clarence ""Gatemouth"" Brown",,,,,0
Blues Train (Album),Roomful Of Blues,,,,,0
The Grey Fox (Album),nan,,,,,0
Synchro System (Album),King Sunny Ade,,,,,0
Renaissance Of The Celtic Harp (Album),Alan Stivell,,,,,0
Raga Mishra Piloo (Album),Ravi Shankar,,,,,0
Born To Add,nan,,,,,0
Born To Add,nan,,,,,0
The Music Machine Part II (Album),nan,,,,,0
Rocky Mountain Holiday (Album),John Denver,,,,,0
What Becomes A Semi-Legend Most? (Album),Joan Rivers,,,,,0
Throbbing Python Of Love (Album),Robin Williams,,,,,0
Monty Python's The Meaning Of Life (Album),Monty Python,,,,,0
Bill Cosby Himself (Album),Bill Cosby,,,,,0
The Robots Of Dawn (Album),Isaac Asimov,,,,,0
Old Possum's Book Of Practical Cats (Album),John Gielgud,,,,,0
"Jane Fonda's Work Out Record For Pregnancy, Birth And Recovery (Album)",Jane Fonda,,,,,0
Everything You Always Wanted To Know About Home Computers (Album),Steve Allen,,,,,0
The Thorn Birds Theme,nan,,,,,0
Rockit,nan,,,,,0
Dream Hunter,nan,,,,,0
An Actor's Life,nan,,,,,0
Tootsie Original Motion Picture Soundtrack (Album),nan,,,,,0
Stayin' Alive (Album),nan,,,,,0
Star Wars - The Return Of The Jedi,nan,,,,,0
Gandhi (Album),nan,,,,,0
Zorba (Album),nan,,,,,0
On Your Toes (Album),nan,,,,,0
Little Shop Of Horrors (Album),nan,,,,,0
La Cage Aux Folles (Album),nan,,,,,0
Videosyncracy (Video),nan,,,,,0
Rod Stewart: Tonight He's Yours (Video),Rod Stewart,,,,,0
Bill Wyman (Video),Bill Wyman,,,,,0
A Flock Of Seagulls (Video),nan,,,,,0
Word Of Mouth,Toni Basil,,,,,0
Rolling Stones Let's Spend The Night Together (Video),nan,,,,,0
Olivia In Concert (Video),Olivia Newton-John,,,,,0
Grace Jones: A One Man Show (Video),Grace Jones,,,,,0
"Alice Cooper \""The Nightmare\"" (Video)",Alice Cooper,,,,,0
Whatever Happened To Love? (Album),Betty Carter,,,,,0
Crazy And Mixed Up (Album),Sarah Vaughan,,,,,0
Sue Raney Sings The Music Of Johnny Mandel (Album),Sue Raney,,,,,0
Big City (Album),Ernestine Anderson,,,,,0
The Dave Frishberg Songbook - Volume 2 (Album),Dave Frishberg,,,,,0
Lessons In Living (Album),Mose Allison,,,,,0
Jimmy Witherspoon Sings The Blues With Panama Francis And The Savoy Sultans (Album),nan,,,,,0
Cloudburst (Album),Jon Hendricks,,,,,0
Supersax And L.A. Voices (Album),L.A. Voices,,,,,0
New Weave (Album),Rare Silk,,,,,0
Listen (Album),nan,,,,,0
A Stephen Sondheim Collection (Album),nan,,,,,0
Trio Music (Album),nan,,,,,0
"The Last Stitt Sessions, Vol. 1 (Album)",nan,,,,,0
Keystone 3 (Album),nan,,,,,0
At The Vanguard (Album),nan,,,,,0
To Tadd With Love (Album),Philly Joe Jones,,,,,0
Think Of One (Album),Wynton Marsalis,,,,,0
Sprint (Album),Red Rodney,,,,,0
Quartet (Album),Herbie Hancock,,,,,0
Keystone 3 (Album),Art Blakey,,,,,0
The London Gig (Album),Louis Bellson,,,,,0
Soaring (Album),Bob Florence,,,,,0
Priestess (Album),Gil Evans,,,,,0
Farmers Market Barbecue (Album),Count Basie,,,,,0
Too Hip For The Room (Track),nan,,,,,0
Remembering Bud (Track),nan,,,,,0
I Got Rhythm (Track),nan,,,,,0
Afternoon Of A Prawn (Track),nan,,,,,0
Step By Step (Track),nan,,,,,0
Mornin' (Track),nan,,,,,0
Be Bop Medley (Track),nan,,,,,0
All Night Long (All Night) (Single),nan,,,,,0
The Night That Monk Returned To Heaven (Track),nan,,,,,0
Red Clay (Track),nan,,,,,0
Down South Camp Meetin' (Track),nan,,,,,0
Code Of Ethics (Track),nan,,,,,0
The Key (Album),nan,,,,,0
Records (Album),nan,,,,,0
One Night With A Stranger (Album),nan,,,,,0
Nothing But The Truth (Album),nan,,,,,0
The Okeh Sessions (Album),nan,,,,,0
"The Fugs Greatest Hits, Vol. I (Album)",nan,,,,,0
Seven Come Eleven (Album),nan,,,,,0
Giants Of Jazz/Joe Sullivan (Album),nan,,,,,0
The Motown Story: The First 25 Years (Album),nan,,,,,0
The Complete Blue Note Recordings Of Thelonious (Album),nan,,,,,0
Kings Of New Orleans Jazz (Album),nan,,,,,0
Back In The Saddle Again: American Cowboy Songs (Album),nan,,,,,0
Target (Album),nan,,,,,0
Kilroy Was Here (Album),nan,,,,,0
Jarreau (Album),nan,,,,,0
Bossa Nova Hotel (Album),nan,,,,,0
Jay Graydon (producer),nan,,,,,0
"James Anthony Carmichael, Lionel Richie (producers)",nan,,,,,0
Quincy Jones (producer),nan,,,,,0
Phil Ramone (producer),nan,,,,,0
"Vivaldi: Four Seasons And Concerto For 4 Violins,Op. 3, No. 10/ Bach: Double Concerto BWV 1043/ Mozart: Sinfonia Concertante, K. 364 (Album)",nan,,,,,0
Verdi: Falstaff (Album),nan,,,,,0
Leontyne Price And Marilyn Horne In Concert At The Met (Album),nan,,,,,0
Haydn: Concerto For Trumpet And Orchestra In E Flat Major/L. Mozart: Concerto For Trumpet And Orchestra In D Major/ Hummel: Concerto For Trumpet And Orchestra In E-Flat Major (Album),nan,,,,,0
Mozart: The Symphonies - Vol. 6 (Album),nan,,,,,0
"Del Tredici: In Memory Of A Summer Day (Child Alice, Part One) (Album)",nan,,,,,0
Bernstein: West Side Story Symphonic Dances And Candide Overture/ Barber: Adagio For Strings/ Schuman: American Festival Overture (Album),nan,,,,,0
"Beethoven: Symphony No. 5 In C Minor, Op.  67 (Album)",nan,,,,,0
Wagner: Tristan Und Isolde (Album),nan,,,,,0
Verdi: Falstaff (Album),nan,,,,,0
Verdi: Aida (Album),nan,,,,,0
Haydn: The Creation,nan,,,,,0
The Brahms Edition: Choral Works A Capella (Complete) (Album),nan,,,,,0
Handel: Coronation Anthems (Album),nan,,,,,0
Bach: St. Matthew Passion (Album),nan,,,,,0
Zemlinsky: The String Quartets (Album),nan,,,,,0
Ravel: Introduction And Allegro (Album),nan,,,,,0
Glass: The Photographer (Album),nan,,,,,0
"Beethoven: \""Archduke\"" Trio (Trio No. 6 In B-Flat, Op. 97) (Album)",nan,,,,,0
Bartók: The String Quartets (6),nan,,,,,0
"Weber: Concerto For Clarinet No. 1 In F Minor, Op. 73/ Rossini: Theme And Variations For Clarinet And Orchestra/ Mozart: Andante In C, K. 315 (Album)",nan,,,,,0
"Vivaldi: The Four Seasons And Concerto For 4 Violins, Op. 3, No. 10 (Album)",nan,,,,,0
Vivaldi: The Four Seasons,nan,,,,,0
"Mozart: Concerto For Violin And Orchestra No. 3 In G Major, K. 216 And No. 5 In A Major, K. 219 (Album)",nan,,,,,0
Gershwin: Rhapsody In Blue (Album),nan,,,,,0
Beethoven: Piano Concerto No. 3 In C Minor Op.37 (Album),nan,,,,,0
"Ravel: Gaspard De La Nuit/ Prokofiev: Sonata For Piano No. 6 In A Major, Op. 82 (Album)",nan,,,,,0
Paganini: Caprices (24) (Album),nan,,,,,0
Horowitz In London (Album),nan,,,,,0
"Beethoven: Sonata For Piano No. 15 In D Major, Op. 28 (\""Pastoral\"") And No. 3 In C Major, Op. 2, No. 3 (Album)",nan,,,,,0
The Brahms Edition: Lieder (Complete),nan,,,,,0
The Brahms Edition: Lieder (Complete) (Album),nan,,,,,0
Mozart: Opera Arias (Album),nan,,,,,0
Faure: Eighteen Songs (Album),nan,,,,,0
Verdi: Falstaff (Album),nan,,,,,0
Leontyne Price And Marilyn Horne In Concert At The Met (Album),nan,,,,,0
Haydn: The Creation (Album),nan,,,,,0
"Del Tredici: In Memory Of A Summer Day (Child Alice, Part One) (Album)",nan,,,,,0
(R.) Strauss: Metamorphoses/ Death And Transfiguration (Album),nan,,,,,0
Steven Epstein,nan,,,,,0
Andrew Cornall,nan,,,,,0
Jay David Saks,nan,,,,,0
Steven Paul,nan,,,,,0
